tenant_id,total_tickets,avg_resolution_hours,rejection_count,rejection_rate,total_maintenance_cost,cost_per_ticket
cda37b51-1bbc-af0d-a560-49af88fdc751,32,29.23,0,0.0,0.0,0.0
a7798da2-f8ee-1840-a1f3-f29a9e764b97,29,14.5,0,0.0,0.0,0.0
bcf8ffc1-fd5c-f6ab-0453-7a73c73786dd,29,302.58,1,0.034,0.0,0.0
1932ea80-c6eb-874e-eca8-12410fa7a608,28,187.66,2,0.071,0.0,0.0
6162731a-4a9c-e887-e586-1ea574985777,28,,0,0.0,0.0,0.0
854c86e3-8b7f-0ca8-f4ac-c6a073699611,23,64.0,0,0.0,0.0,0.0
22a9494d-0e02-6fba-4aee-7947f1e6110b,22,40.87,0,0.0,1120.0,50.91
23f7ef5f-6b26-a104-b616-b438d7e9243c,22,219.76,0,0.0,0.0,0.0
251051cf-e3b5-5d37-918f-bf22b4875790,22,42.08,0,0.0,0.0,0.0
3b02f95a-b47e-1037-4f8a-f2f31e35c98e,20,79.0,1,0.05,0.0,0.0
d257c87f-0e42-048c-8409-362e925d86fc,18,,0,0.0,0.0,0.0
bdcc24e3-6077-3ea9-b25e-2747d0f07be7,18,36.41,0,0.0,0.0,0.0
6dd50e39-9843-4442-cc09-3b49fbe97fb9,17,155.49,1,0.059,0.0,0.0
f284b25b-d762-1399-a12e-ba7ffa6b6f97,17,647.33,0,0.0,0.0,0.0
b111e4dd-be1d-2c79-3945-480547761b5f,16,,0,0.0,0.0,0.0
5d4122d1-48a3-607c-cb72-e1956caece73,15,,0,0.0,0.0,0.0
d6268133-5904-3e9a-6956-9493d2f78a1d,15,,0,0.0,0.0,0.0
ba8dd5e0-ed0e-8b6a-7098-2732476feb31,15,334.2,1,0.067,1948.0,129.87
10f3edc6-4b03-b82d-8df1-09ddaf031c0c,15,83.16,0,0.0,0.0,0.0
e99afa10-6249-3f5b-4364-da75f89e34f9,14,22.04,0,0.0,0.0,0.0
93eb3d6a-d35b-ef1f-83b8-7430b6ad1674,14,29.63,0,0.0,0.0,0.0
a4709d2c-85e2-3d68-7467-1eaf879ba2c9,14,148.65,0,0.0,0.0,0.0
66fbcb59-3d06-d8cc-b1d5-53f38a599207,14,21.9,0,0.0,0.0,0.0
5fee0a79-3970-704a-2332-f7c7598e86c1,13,1204.07,1,0.077,0.0,0.0
890b32d9-f754-8150-5a18-8a21fcdf3828,13,41.27,1,0.077,1180.0,90.77
238b347e-e7e9-b1a3-31a8-a2f8fed99f55,13,2.39,0,0.0,0.0,0.0
c3c77367-5f51-f7a7-e667-0e3480f53751,13,112.36,0,0.0,0.0,0.0
876bcc88-d210-8a14-5197-f2062208f7a3,13,,0,0.0,0.0,0.0
257579ca-bef0-99b8-f916-e518891ffdab,12,116.08,2,0.167,50.0,4.17
276b5368-040e-e40e-948d-d1159a743920,12,,0,0.0,0.0,0.0
18788fe2-f6a2-826e-2199-6cec118c6d00,12,23.45,0,0.0,0.0,0.0
0278721a-a690-833b-298a-16a351fb7a3a,12,21.27,0,0.0,0.0,0.0
8208282e-43b7-930c-251f-223cdeecd947,12,,0,0.0,0.0,0.0
fc8a412e-e0d4-35e1-37fa-5f798b7dc7f4,12,42.57,0,0.0,0.0,0.0
4b85d836-4912-f7a8-46ac-19256a4ed1d4,11,,0,0.0,0.0,0.0
491b8136-32a1-37c5-5253-b53ff3991d86,11,147.03,0,0.0,0.0,0.0
1fc0c3bb-f35c-8d5d-a4fa-a9c1723cd8ab,11,37.18,0,0.0,0.0,0.0
18d86801-3cb7-11d4-8b9d-433429296014,11,,1,0.091,0.0,0.0
79e31f6f-69dc-a40c-27d7-3f076878f83c,11,22.95,0,0.0,0.0,0.0
b285539d-6e4c-f6f5-ee68-2dc683541067,10,,0,0.0,0.0,0.0
a75fdceb-021a-cc46-3632-8d5369c5f2c6,10,,0,0.0,0.0,0.0
abd9f8e2-40f4-994c-f326-8ad6c939bb6a,10,,0,0.0,0.0,0.0
4628a4bf-d4c5-9e5d-471c-271b9f3e7d03,10,17.76,0,0.0,0.0,0.0
5b45a840-9d6c-242e-0e2f-2e2c972c2eec,10,35.33,0,0.0,0.0,0.0
03ce56c0-8798-b95d-7125-311b80363e74,10,1007.72,0,0.0,0.0,0.0
00ff5468-3680-2a12-23e4-82855ab3c697,10,27.22,0,0.0,0.0,0.0
2631ddfd-660e-8719-1876-82cf88e13a60,10,41.5,0,0.0,0.0,0.0
2ba81159-3fd3-401a-b806-4cf09e7dce86,10,32.09,1,0.1,0.0,0.0
4cf13b7d-67b4-87af-6795-b532998a9b0d,10,,0,0.0,0.0,0.0
49355947-7605-ec5f-7d81-a6597f38d76b,10,,0,0.0,0.0,0.0
f6c5c3d2-ceda-6c7f-aa96-359c7dc9ee92,9,,0,0.0,0.0,0.0
ac5ee6bc-de6f-6f5a-a196-731bff043dc7,9,,0,0.0,0.0,0.0
43774f3c-9ce6-fc78-7857-b8607c3e1966,9,238.06,1,0.111,0.0,0.0
510cd475-6538-7d02-413c-1a0f553ba4e6,9,146.11,0,0.0,0.0,0.0
227f376b-633a-5615-5670-c29559d0a08b,9,38.17,0,0.0,0.0,0.0
1b003ea3-bdcb-0416-c3c2-8ff60f2f65f5,9,44.88,0,0.0,0.0,0.0
8aacbc78-5e56-b3c0-f8bc-fcb5490b94f3,9,,0,0.0,0.0,0.0
4505ca5d-0961-03c9-5943-ffda2a5ae270,8,75.96,0,0.0,0.0,0.0
74c6b975-b0ab-c8b3-8acd-2cf53597a72b,8,,0,0.0,0.0,0.0
79d4d3fe-73c5-a965-030f-c60220ee20cb,8,176.32,0,0.0,0.0,0.0
77dd12b8-a20b-05c8-2372-79ba1b1624a9,8,66.52,1,0.125,0.0,0.0
c0791d4c-9325-bf1b-30af-7af648c26338,8,,0,0.0,0.0,0.0
cf1318a5-0564-4af6-d90e-c3e76de1ef08,8,70.21,1,0.125,0.0,0.0
8b018cc7-2387-99c8-5b29-d1ab1f7b635e,8,17.14,0,0.0,0.0,0.0
890d247c-e472-92eb-0db7-ca3bc375622c,8,,0,0.0,0.0,0.0
4bdca5eb-f197-a87d-d26a-c63a9b3298a1,8,,0,0.0,0.0,0.0
07734943-434c-4c8b-b1fa-49d7c4e8a7fe,8,114.81,0,0.0,0.0,0.0
2794ccf7-4966-f00d-35d6-34ac17db73ea,8,319.51,0,0.0,0.0,0.0
72fb39cc-cecf-39cd-a55a-60d36a23f691,8,,0,0.0,0.0,0.0
3b48ac67-d1fa-b227-f284-5da0a25e5ac0,8,,0,0.0,0.0,0.0
c02eb961-2471-c285-9c28-fb9a12aaf70a,8,291.01,0,0.0,0.0,0.0
0a550b32-ac5f-efb6-6d3b-e9975e20a82d,7,,0,0.0,0.0,0.0
146a8458-f956-54ed-317f-b99f7d16fff8,7,55.95,0,0.0,0.0,0.0
26b16f30-da65-8aa3-d1ec-4867ac2a8f35,7,33.27,0,0.0,0.0,0.0
286a5d35-07d2-54bb-eb89-e9519f239c26,7,,0,0.0,0.0,0.0
ec6bd398-2413-2c67-18db-10bdd92ee4f9,7,48.81,0,0.0,0.0,0.0
9653a402-ff75-bbdf-8cc6-1cb0ca01f233,7,31.36,0,0.0,0.0,0.0
b19dfc6c-a5d5-734c-3d3d-6389c281b3bb,7,,0,0.0,0.0,0.0
8fd367e7-7404-4ef6-530b-a40219a48f1e,7,,0,0.0,0.0,0.0
c09e703c-d287-38c8-d1c1-239145e17df9,7,26.27,0,0.0,0.0,0.0
d58d1d2f-e65b-7705-8ac2-996da0cf28c4,7,,0,0.0,0.0,0.0
d4890451-59e6-45f4-a75f-b2199aa5a3a7,7,16.03,0,0.0,2500.0,357.14
f295149c-bcb1-4d48-93ce-d2ea593d29c3,7,135.75,0,0.0,0.0,0.0
073e4bd7-f1f1-49d3-604f-c365b9952a6c,7,219.05,0,0.0,0.0,0.0
2b785f57-1c4f-d4a8-d486-b69e7b2db5bc,6,11.02,0,0.0,0.0,0.0
57dbc7f1-ef9c-8f08-5ca3-148c520d5a2b,6,,0,0.0,0.0,0.0
f16a668c-ea8a-b26d-9dff-4da3c53fccc7,6,73.92,0,0.0,0.0,0.0
950dd22f-78fa-d205-48b3-fe5a5cc7438e,6,193.82,2,0.333,0.0,0.0
e43d640c-3d0c-c63c-52af-626feca768b5,6,,0,0.0,0.0,0.0
af8d560f-407a-4e9b-49e9-88f54d8671f4,6,,0,0.0,0.0,0.0
fede9d18-47bd-03b2-a0a3-73ae43fbcf88,5,,0,0.0,0.0,0.0
d51c2f8f-9df6-06cb-85f3-47a79b9d5006,5,,0,0.0,0.0,0.0
f8723af2-2adb-2870-b160-e1ad562524be,5,,0,0.0,0.0,0.0
104a66bf-0d87-2acc-ec03-a73d1c1cfd53,5,36.79,0,0.0,0.0,0.0
6ce85c3e-5f40-4297-8c38-22ac7432420e,5,,0,0.0,0.0,0.0
122c395f-56fd-4482-fe33-7fa3c3cd30b5,5,,0,0.0,0.0,0.0
1a3b6c74-26e1-7124-0b5c-7f783d71624d,5,103.35,0,0.0,0.0,0.0
8c10b5c6-4a40-f455-7732-69c9209c6107,5,,0,0.0,0.0,0.0
bb91db20-f031-af83-8e52-9b613ace7567,5,,0,0.0,0.0,0.0
b865619d-9980-0806-c5b5-97fee058322e,5,,0,0.0,0.0,0.0
8709ca2e-a8a6-48a4-b8ce-e813c4796ab9,5,156.19,0,0.0,0.0,0.0
7949646a-1455-41bc-9b8a-d19f84772bbb,5,36.98,0,0.0,0.0,0.0
a4ef95bf-1c7c-4c4d-0497-ae38085af6cc,5,339.65,0,0.0,0.0,0.0
9541a16d-d020-eb78-80f1-a4a2d4b7775f,5,286.09,0,0.0,0.0,0.0
af16fe79-211b-993d-45cc-0c97af4a725c,5,,0,0.0,0.0,0.0
86cd2239-fa55-0389-437e-e8fd505dc931,5,16.34,0,0.0,0.0,0.0
716b820e-fef7-dcf3-34be-914835261361,5,,0,0.0,0.0,0.0
55e779dc-a32b-2acb-173b-7de67750927a,4,,0,0.0,0.0,0.0
5a4bd906-07d0-3c04-680d-6ee01f174660,4,,0,0.0,0.0,0.0
55e6e452-fae2-a5ac-3c12-21424bffbcac,4,36.83,0,0.0,0.0,0.0
46d380ca-fe7a-07d2-4570-5de890c8fdc7,4,,0,0.0,0.0,0.0
6f622055-47c5-9b2c-b332-2d5d01953e51,4,28.79,0,0.0,0.0,0.0
982397b8-b96b-4d87-eb8b-62916e148d45,4,,0,0.0,0.0,0.0
38069f8b-d44e-0b86-a0d1-dafac5ae1232,4,,0,0.0,0.0,0.0
6542b72b-196a-4538-a690-2db7cc212936,4,,0,0.0,0.0,0.0
6ce637bf-a5e4-da07-b2a7-e56253fe17bd,4,,0,0.0,0.0,0.0
733dd472-3b1e-dd43-76e5-082ddfe66c5b,4,,0,0.0,0.0,0.0
04ba1c6f-6c06-819d-9ecc-a0c5f795b922,4,40.07,0,0.0,0.0,0.0
1dc2bdca-ae79-4cd5-9d74-961c02cce282,4,88.45,0,0.0,0.0,0.0
21e237d1-286e-324e-0cef-45725d629768,4,18.56,0,0.0,0.0,0.0
011b7d1c-5697-5394-c05b-fa0473640657,4,11.44,0,0.0,0.0,0.0
0d81cbb9-7b2a-918b-bd00-d151c65848ea,4,,0,0.0,0.0,0.0
d8c4b3c5-9b2a-4c6e-b1e8-0a98c9175234,4,75.87,0,0.0,0.0,0.0
f2a00e3d-de04-40a3-6f41-a3ebfcab4a3c,4,19.55,0,0.0,0.0,0.0
e0174322-3fb7-483f-91a0-61b903ae3e49,4,41.61,0,0.0,0.0,0.0
d6d33436-345a-e39c-9f8d-91c76dca514e,4,,0,0.0,0.0,0.0
e17238d1-34ce-0cbb-4dc0-f65e60ff52f7,4,,0,0.0,0.0,0.0
cd2c3f97-4df7-b32f-d0c0-12031beae516,4,14.63,0,0.0,0.0,0.0
bf46b9e6-83d0-c4a0-a0af-0a7effeaee30,4,,0,0.0,0.0,0.0
8996897f-e383-4fca-87f9-654e1b14b3c2,4,385.38,1,0.25,0.0,0.0
de481a65-2fb4-4974-b7db-0ec990ea852d,4,88.2,0,0.0,0.0,0.0
d4a34184-ec1a-8b67-030d-6910715f4ccb,4,,0,0.0,0.0,0.0
af12a12c-92bf-088b-3073-292fe4dfc478,4,,0,0.0,0.0,0.0
d77b5c1e-605d-6795-5eee-1e2f9b83e069,4,266.85,0,0.0,0.0,0.0
8b48adf3-c14a-fa6d-9785-b4bcb35f8fbb,4,313.31,0,0.0,0.0,0.0
c2329858-525d-2f70-5e31-bf9a8358eb3e,3,,0,0.0,0.0,0.0
d2449d75-0593-4deb-a6c2-fae99fc83ab0,3,48.77,0,0.0,0.0,0.0
e04a7b1e-bb22-2ccf-a342-9eea602847ff,3,,0,0.0,0.0,0.0
8123af5e-305b-80f8-20db-4d54b7f628c7,3,1584.17,3,1.0,660.0,220.0
9aab8e6f-97e4-131f-c6cd-a91d11668656,3,,0,0.0,0.0,0.0
83af11b3-a274-7404-3265-ec658f74f8cf,3,11.06,0,0.0,0.0,0.0
8e39a9bd-3317-b2a6-22a6-16fa4cab9632,3,190.16,1,0.333,0.0,0.0
93ffab65-d88d-3bbd-9dba-fc0c764f42f4,3,,0,0.0,0.0,0.0
618f174c-7c45-cb54-907b-cacc78483918,3,41.98,0,0.0,0.0,0.0
7076f26b-5297-bb18-64d7-ba48dd2e64b2,3,,0,0.0,0.0,0.0
31f3f7a3-5dc4-21cd-ba54-b41347a7822a,3,,0,0.0,0.0,0.0
080eae03-9f65-4515-aec2-8924472923dd,3,387.4,0,0.0,0.0,0.0
52bfd1fd-5813-000e-3603-19146a2ecd4e,3,,0,0.0,0.0,0.0
df5ea39c-c069-5211-271d-f0d3831adefa,3,96.4,0,0.0,0.0,0.0
b533de62-fd5f-cc73-01ad-82aaf5df2fd1,3,,0,0.0,0.0,0.0
e51d0052-6144-0814-9748-12b1e6c3b68a,3,,0,0.0,0.0,0.0
d751c131-c1c9-4f5c-88f8-7e4c6cb710b3,3,165.24,0,0.0,3400.0,1133.33
e6dde6a9-4da9-d1a2-802a-faf5db207e8e,3,,0,0.0,0.0,0.0
e093abe2-fae5-a599-2ee8-ce612d47e63e,3,,0,0.0,0.0,0.0
2c1980eb-be51-916e-8f61-1e8fe83afb0c,3,,0,0.0,0.0,0.0
3e50af3d-452f-d098-b3bc-3c2a64576d55,3,15.02,0,0.0,0.0,0.0
5a97c1a1-f33d-ce97-6ee2-069836e0f76b,3,,0,0.0,0.0,0.0
61031b0a-ef18-26aa-64b7-d412d7b3d276,3,19.6,0,0.0,270.0,90.0
6ea3368b-00ab-4626-a86f-7fcacb3e167e,3,86.7,0,0.0,0.0,0.0
1218c50c-4da4-4f61-baec-5182a25958e3,3,28.13,0,0.0,0.0,0.0
17dd0f21-a84d-a57c-7de4-9d5897c7181b,3,,0,0.0,0.0,0.0
1a171004-7682-1c39-e6a2-758b668c33b0,3,138.47,0,0.0,5500.0,1833.33
11e96dd2-92f4-f793-56db-439d5b3de156,3,,0,0.0,0.0,0.0
11316c38-dc08-4983-3588-fcadd88bd5d2,3,,0,0.0,0.0,0.0
0fb589f6-3d4d-9f65-70ec-ffc208b12ba1,3,,0,0.0,0.0,0.0
1422ace8-beea-6d1b-73fd-1d30597b40d5,3,70.49,0,0.0,0.0,0.0
73715344-908a-b7fa-00cc-34358ffb16f0,2,,0,0.0,0.0,0.0
062b56c4-c469-4ef7-b4e6-9615dd770ec9,2,108.58,0,0.0,2500.0,1250.0
11e59c65-004e-4eea-a733-d3a6a7c65fb1,2,212.18,1,0.5,0.0,0.0
128bd731-e1fe-63b6-3451-759840d80453,2,,0,0.0,0.0,0.0
22b0be2d-52c5-1127-642d-4f1083b404ca,2,5.78,0,0.0,0.0,0.0
1f386b6c-673b-b4f5-5a19-10e9869fcb75,2,,0,0.0,0.0,0.0
14b45048-20d5-74f7-f9ff-825c862c3dd5,2,,0,0.0,0.0,0.0
1d4c0119-5151-7a5b-2266-f16e44f67157,2,605.32,0,0.0,0.0,0.0
0ccf966f-d23f-4994-fedc-211f2f60aa4f,2,,0,0.0,0.0,0.0
7d26a731-5027-abff-a77e-ce35303b21f6,2,,0,0.0,0.0,0.0
82be44de-b1d6-4e48-e6bb-33ec98b83c7d,2,35.93,0,0.0,0.0,0.0
791c16c3-5afa-4081-a47c-53439979e5b3,2,26.82,0,0.0,0.0,0.0
72ac33cc-b9b2-9cc4-47fd-d37096c8f30d,2,69.88,0,0.0,0.0,0.0
2c05db07-e980-4d52-a524-1b1ee5185554,2,73.84,0,0.0,0.0,0.0
4f75b0ca-7bed-c37c-cfd4-1e361a1bb6d4,2,,0,0.0,0.0,0.0
456fc08d-55ba-6a5b-7917-edad21de87b2,2,,0,0.0,0.0,0.0
53416e34-aaed-471f-937d-0fea74c444b8,2,83.65,0,0.0,0.0,0.0
51c3d3a9-bfa0-4a8e-a687-3ef46bc022cc,2,25.5,0,0.0,0.0,0.0
38305983-db92-2c3c-7949-96f7ca7833eb,2,28.0,0,0.0,300.0,150.0
389859df-460c-4966-a71d-eb7bbebae67b,2,193.62,1,0.5,0.0,0.0
ee61dd03-6eb9-0d71-8bf4-a01ac422b8be,2,,0,0.0,0.0,0.0
7e2a1e58-e10a-4352-ca15-59fd22f2c07e,2,15.37,0,0.0,0.0,0.0
a7dadee2-80e3-eba0-084f-5f1847bb3aa4,2,,0,0.0,0.0,0.0
ae55ee92-2de5-2688-0d4d-095d6b247552,2,,0,0.0,0.0,0.0
a66a39a1-af53-6290-1e0b-7fc51cc20608,2,,0,0.0,0.0,0.0
a467df39-5ec5-465e-a471-e2b54be7bc71,2,87.85,0,0.0,0.0,0.0
a974c0ea-b223-c4ff-2027-207ec4a462ac,2,,0,0.0,0.0,0.0
b2f85d5d-acf9-7c53-dc5b-0d3b67b462c5,2,14.37,0,0.0,0.0,0.0
8e125a87-1a3e-4b52-855b-635c06bafd87,2,17.34,0,0.0,0.0,0.0
6c765a9e-b1ea-4503-e5b7-24daca7c2614,1,,0,0.0,0.0,0.0
53c9ff97-f078-6148-923e-9d1a21b9bb60,1,,0,0.0,0.0,0.0
57478035-8e15-2e54-5cb6-2f22777ee909,1,,0,0.0,0.0,0.0
5fa2b264-379d-b6b2-9929-86237eb38f30,1,,0,0.0,0.0,0.0
5f0f16ed-dd5a-936c-5dbc-f76aa297afd4,1,,0,0.0,0.0,0.0
5e6b35c4-2b97-ea86-e422-f03c332f74be,1,,0,0.0,0.0,0.0
5fb00f2d-8a0d-5260-0006-da9487a8268d,1,,0,0.0,0.0,0.0
1287ac56-adee-78b5-6a6b-56b3e8dd7d48,1,,0,0.0,0.0,0.0
0ea0c6d9-a99f-89ea-6b85-9ae409698bd3,1,,0,0.0,0.0,0.0
00af40b2-545a-c400-060e-9eba5e004ea3,1,,0,0.0,0.0,0.0
02295215-68ff-b712-391f-44370ddab3fc,1,,0,0.0,0.0,0.0
17d13989-4f37-42a8-1eb2-88b2df3a9692,1,,0,0.0,0.0,0.0
24ae889b-240e-b064-cfe8-2b27224c15b0,1,,0,0.0,0.0,0.0
25b63db3-6d1d-cb00-d25c-dfd8b4b17909,1,,0,0.0,0.0,0.0
25ef6338-6197-45a8-82d9-ddd0a846f1b2,1,,0,0.0,0.0,0.0
3e99437f-aaa3-5ffe-27bc-cffb9898080d,1,,0,0.0,0.0,0.0
2d700a6b-44c4-438b-841f-febe1b2c47a7,1,3.25,0,0.0,0.0,0.0
31748409-1d90-3bc0-903e-6d831133e944,1,,0,0.0,0.0,0.0
2cd65886-67b3-a4eb-7aad-7c0a230ba95d,1,,0,0.0,0.0,0.0
2d24b7c1-6556-8eb5-73d6-3ed3913e6d40,1,,0,0.0,0.0,0.0
344a43f4-d005-00e3-d3f4-5da6b944af56,1,,0,0.0,0.0,0.0
44bf5771-a669-438c-a190-88aab999cfae,1,280.81,0,0.0,0.0,0.0
5110bc8b-7229-5952-e9db-5feb33391303,1,,0,0.0,0.0,0.0
71a9340d-9832-4609-a110-d9b5aaffc020,1,,0,0.0,0.0,0.0
a64019d6-e321-3cb8-e823-478ced6ff4c2,1,,0,0.0,0.0,0.0
938b7931-4bde-a083-d158-635a65e6da73,1,,0,0.0,0.0,0.0
961c950e-debe-4dd2-8e5f-08bf92bda977,1,89.65,0,0.0,0.0,0.0
9714e9c1-0eab-8c23-1dd7-2071a458be87,1,,0,0.0,0.0,0.0
9c88cc60-ea13-4dd1-9930-ca14ff0c6aa0,1,239.19,0,0.0,0.0,0.0
9defe9e8-4059-ba6b-5abd-0d1304e73008,1,,0,0.0,0.0,0.0
871465d8-763d-f593-3677-399c50f5ed41,1,,0,0.0,0.0,0.0
8490df60-3137-5590-8517-f882a6cff021,1,,0,0.0,0.0,0.0
8971261e-a813-477f-94c0-0a9661dc4c34,1,0.46,0,0.0,0.0,0.0
7be75b79-f4d2-a3ec-18cf-fb08513feeb7,1,,0,0.0,0.0,0.0
82ce206e-2925-18f5-f18c-d80631a9964e,1,,0,0.0,0.0,0.0
855f3f6a-72ae-46f4-4cc2-a9a0d5df5b70,1,50.56,0,0.0,0.0,0.0
9e64e0fa-e34a-1c76-8e4a-1452643fab9a,1,,0,0.0,0.0,0.0
b85e5e22-b8bb-e217-167e-913ce5dc381e,1,,0,0.0,0.0,0.0
bb36c2de-ac80-369b-bef1-b7a9025ad305,1,,0,0.0,0.0,0.0
d178a884-0bd1-601d-4cd1-042bac71c6db,1,0.59,0,0.0,0.0,0.0
d2de48e8-0097-4d6d-8e3d-62ee7c8f2fcd,1,,0,0.0,0.0,0.0
c511ac63-cb7e-1453-92d5-ea4ffba1c360,1,19.4,0,0.0,0.0,0.0
cdfd7474-0325-1b45-657c-35abca5b28ee,1,,0,0.0,0.0,0.0
be91915d-edd2-04f3-15af-9a0d8c70881a,1,,0,0.0,0.0,0.0
be84008a-74d3-3cc1-6fd6-bcef998f7bff,1,7.73,0,0.0,0.0,0.0
be68c44d-d4d2-478a-7b1e-c9c3fefac406,1,,0,0.0,0.0,0.0
c084c357-8268-b2c6-76e0-aa7c5b28eace,1,,0,0.0,0.0,0.0
b6263381-5732-4544-952b-edde50fdfc28,1,16.33,0,0.0,0.0,0.0
e426d68a-16d2-9097-ff7d-ae2521fb52e5,1,59.98,0,0.0,0.0,0.0
d93d9661-c38b-55ac-e5ac-93c052d45622,1,,0,0.0,0.0,0.0
e10472f5-6434-2a96-6c28-13939f90427f,1,,0,0.0,0.0,0.0
f15d8a38-9297-759e-500a-7a65371fd2c8,1,,0,0.0,0.0,0.0
f59fa4ad-6dca-c7e7-d459-5326609a6412,1,,0,0.0,0.0,0.0
f9eb9b23-5f60-4ec4-b990-8313323bb759,1,311.03,0,0.0,0.0,0.0
fd1d6483-722f-9ff9-67bd-a98f7e3f42af,1,,0,0.0,0.0,0.0
