entity_id,risk_score,risk_level,anomaly_score,flags,explanation
bcf8ffc1-fd5c-f6ab-0453-7a73c73786dd,99.3,Critical,0.988,high_ticket_count;freq_outlier,Raised 29 tickets (population p95=17) | Ticket frequency far above tenant peers
1932ea80-c6eb-874e-eca8-12410fa7a608,98.9,Critical,0.98,high_ticket_count;freq_outlier,Raised 28 tickets (population p95=17) | Ticket frequency far above tenant peers
cda37b51-1bbc-af0d-a560-49af88fdc751,97.8,Critical,0.96,high_ticket_count;freq_outlier,Raised 32 tickets (population p95=17) | Ticket frequency far above tenant peers
a7798da2-f8ee-1840-a1f3-f29a9e764b97,96.7,Critical,0.94,high_ticket_count;freq_outlier,Raised 29 tickets (population p95=17) | Ticket frequency far above tenant peers
3b02f95a-b47e-1037-4f8a-f2f31e35c98e,96.5,Critical,0.936,high_ticket_count;freq_outlier,Raised 20 tickets (population p95=17) | Ticket frequency far above tenant peers
23f7ef5f-6b26-a104-b616-b438d7e9243c,96.2,Critical,0.932,high_ticket_count;freq_outlier,Raised 22 tickets (population p95=17) | Ticket frequency far above tenant peers
6162731a-4a9c-e887-e586-1ea574985777,95.6,Critical,0.92,high_ticket_count;freq_outlier,Raised 28 tickets (population p95=17) | Ticket frequency far above tenant peers
854c86e3-8b7f-0ca8-f4ac-c6a073699611,94.5,Critical,0.9,high_ticket_count;freq_outlier,Raised 23 tickets (population p95=17) | Ticket frequency far above tenant peers
22a9494d-0e02-6fba-4aee-7947f1e6110b,92.7,Critical,0.867,high_ticket_count;freq_outlier,Raised 22 tickets (population p95=17) | Ticket frequency far above tenant peers
251051cf-e3b5-5d37-918f-bf22b4875790,92.5,Critical,0.863,high_ticket_count;freq_outlier,Raised 22 tickets (population p95=17) | Ticket frequency far above tenant peers
bdcc24e3-6077-3ea9-b25e-2747d0f07be7,91.6,Critical,0.847,high_ticket_count;freq_outlier,Raised 18 tickets (population p95=17) | Ticket frequency far above tenant peers
d257c87f-0e42-048c-8409-362e925d86fc,90.5,Critical,0.827,high_ticket_count;freq_outlier,Raised 18 tickets (population p95=17) | Ticket frequency far above tenant peers
8123af5e-305b-80f8-20db-4d54b7f628c7,88.8,Critical,1.0,high_rejection_rate,Rejection rate 100% (3 rejected) above avg 2%
950dd22f-78fa-d205-48b3-fe5a5cc7438e,86.8,Critical,0.964,high_rejection_rate,Rejection rate 33% (2 rejected) above avg 2%
f284b25b-d762-1399-a12e-ba7ffa6b6f97,75.7,Critical,0.968,high_ticket_count,Raised 17 tickets (population p95=17)
6dd50e39-9843-4442-cc09-3b49fbe97fb9,73.3,High,0.924,high_ticket_count,Raised 17 tickets (population p95=17)
5fee0a79-3970-704a-2332-f7c7598e86c1,54.8,Medium,0.996,,
03ce56c0-8798-b95d-7125-311b80363e74,54.6,Medium,0.992,,
11e59c65-004e-4eea-a733-d3a6a7c65fb1,54.1,Medium,0.984,,
389859df-460c-4966-a71d-eb7bbebae67b,53.7,Medium,0.976,,
8996897f-e383-4fca-87f9-654e1b14b3c2,53.5,Medium,0.972,,
8e39a9bd-3317-b2a6-22a6-16fa4cab9632,52.6,Medium,0.956,,
1d4c0119-5151-7a5b-2266-f16e44f67157,52.3,Medium,0.952,,
257579ca-bef0-99b8-f916-e518891ffdab,52.1,Medium,0.948,,
ba8dd5e0-ed0e-8b6a-7098-2732476feb31,51.9,Medium,0.944,,
43774f3c-9ce6-fc78-7857-b8607c3e1966,51.0,Medium,0.928,,
2ba81159-3fd3-401a-b806-4cf09e7dce86,50.4,Medium,0.916,,
cf1318a5-0564-4af6-d90e-c3e76de1ef08,50.1,Medium,0.912,,
77dd12b8-a20b-05c8-2372-79ba1b1624a9,49.9,Medium,0.908,,
890b32d9-f754-8150-5a18-8a21fcdf3828,49.7,Medium,0.904,,
080eae03-9f65-4515-aec2-8924472923dd,49.3,Medium,0.896,,
f9eb9b23-5f60-4ec4-b990-8313323bb759,49.0,Medium,0.892,,
18d86801-3cb7-11d4-8b9d-433429296014,48.8,Medium,0.888,,
44bf5771-a669-438c-a190-88aab999cfae,48.6,Medium,0.884,,
9c88cc60-ea13-4dd1-9930-ca14ff0c6aa0,48.4,Medium,0.88,,
a4ef95bf-1c7c-4c4d-0497-ae38085af6cc,48.2,Medium,0.876,,
2794ccf7-4966-f00d-35d6-34ac17db73ea,47.9,Medium,0.871,,
c02eb961-2471-c285-9c28-fb9a12aaf70a,47.3,Medium,0.859,,
a4709d2c-85e2-3d68-7467-1eaf879ba2c9,47.0,Medium,0.855,,
8b48adf3-c14a-fa6d-9785-b4bcb35f8fbb,46.8,Medium,0.851,,
238b347e-e7e9-b1a3-31a8-a2f8fed99f55,46.4,Medium,0.843,,
9541a16d-d020-eb78-80f1-a4a2d4b7775f,46.2,Medium,0.839,,
d77b5c1e-605d-6795-5eee-1e2f9b83e069,45.9,Medium,0.835,,
073e4bd7-f1f1-49d3-604f-c365b9952a6c,45.7,Medium,0.831,,
10f3edc6-4b03-b82d-8df1-09ddaf031c0c,45.3,Medium,0.823,,
c3c77367-5f51-f7a7-e667-0e3480f53751,45.1,Medium,0.819,,
491b8136-32a1-37c5-5253-b53ff3991d86,44.8,Medium,0.815,,
8971261e-a813-477f-94c0-0a9661dc4c34,44.6,Medium,0.811,,
d178a884-0bd1-601d-4cd1-042bac71c6db,44.4,Medium,0.807,,
2d700a6b-44c4-438b-841f-febe1b2c47a7,44.2,Medium,0.803,,
79d4d3fe-73c5-a965-030f-c60220ee20cb,44.0,Medium,0.799,,
510cd475-6538-7d02-413c-1a0f553ba4e6,43.7,Medium,0.795,,
d751c131-c1c9-4f5c-88f8-7e4c6cb710b3,43.5,Medium,0.791,,
b111e4dd-be1d-2c79-3945-480547761b5f,43.3,Medium,0.787,,
be84008a-74d3-3cc1-6fd6-bcef998f7bff,43.1,Medium,0.783,,
66fbcb59-3d06-d8cc-b1d5-53f38a599207,42.7,Medium,0.777,,
e99afa10-6249-3f5b-4364-da75f89e34f9,42.7,Medium,0.777,,
8709ca2e-a8a6-48a4-b8ce-e813c4796ab9,42.4,Medium,0.771,,
93eb3d6a-d35b-ef1f-83b8-7430b6ad1674,42.2,Medium,0.767,,
f295149c-bcb1-4d48-93ce-d2ea593d29c3,42.0,Medium,0.763,,
961c950e-debe-4dd2-8e5f-08bf92bda977,41.7,Medium,0.759,,
22b0be2d-52c5-1127-642d-4f1083b404ca,41.5,Medium,0.755,,
1a171004-7682-1c39-e6a2-758b668c33b0,41.3,Medium,0.751,,
5d4122d1-48a3-607c-cb72-e1956caece73,41.0,Medium,0.745,,
d6268133-5904-3e9a-6956-9493d2f78a1d,41.0,Medium,0.745,,
062b56c4-c469-4ef7-b4e6-9615dd770ec9,40.6,Medium,0.739,,
0278721a-a690-833b-298a-16a351fb7a3a,40.4,Medium,0.735,,
2b785f57-1c4f-d4a8-d486-b69e7b2db5bc,40.2,Medium,0.731,,
18788fe2-f6a2-826e-2199-6cec118c6d00,40.0,Medium,0.727,,
b6263381-5732-4544-952b-edde50fdfc28,39.8,Medium,0.723,,
07734943-434c-4c8b-b1fa-49d7c4e8a7fe,39.5,Medium,0.719,,
79e31f6f-69dc-a40c-27d7-3f076878f83c,39.3,Medium,0.715,,
c511ac63-cb7e-1453-92d5-ea4ffba1c360,39.1,Medium,0.711,,
4628a4bf-d4c5-9e5d-471c-271b9f3e7d03,38.9,Medium,0.707,,
1a3b6c74-26e1-7124-0b5c-7f783d71624d,38.7,Medium,0.703,,
876bcc88-d210-8a14-5197-f2062208f7a3,38.4,Medium,0.699,,
fc8a412e-e0d4-35e1-37fa-5f798b7dc7f4,38.2,Medium,0.695,,
d4890451-59e6-45f4-a75f-b2199aa5a3a7,38.0,Medium,0.691,,
1fc0c3bb-f35c-8d5d-a4fa-a9c1723cd8ab,37.8,Medium,0.687,,
00ff5468-3680-2a12-23e4-82855ab3c697,37.6,Medium,0.683,,
8b018cc7-2387-99c8-5b29-d1ab1f7b635e,37.3,Medium,0.679,,
f16a668c-ea8a-b26d-9dff-4da3c53fccc7,37.1,Medium,0.675,,
011b7d1c-5697-5394-c05b-fa0473640657,36.9,Medium,0.671,,
86cd2239-fa55-0389-437e-e8fd505dc931,36.7,Medium,0.667,,
8208282e-43b7-930c-251f-223cdeecd947,36.3,Medium,0.661,,
276b5368-040e-e40e-948d-d1159a743920,36.3,Medium,0.661,,
c09e703c-d287-38c8-d1c1-239145e17df9,36.0,Medium,0.655,,
83af11b3-a274-7404-3265-ec658f74f8cf,35.8,Medium,0.651,,
4505ca5d-0961-03c9-5943-ffda2a5ae270,35.6,Medium,0.647,,
5b45a840-9d6c-242e-0e2f-2e2c972c2eec,35.3,Medium,0.643,,
b2f85d5d-acf9-7c53-dc5b-0d3b67b462c5,35.1,Medium,0.639,,
df5ea39c-c069-5211-271d-f0d3831adefa,34.9,Low,0.635,,
227f376b-633a-5615-5670-c29559d0a08b,34.7,Low,0.631,,
a467df39-5ec5-465e-a471-e2b54be7bc71,34.5,Low,0.627,,
9653a402-ff75-bbdf-8cc6-1cb0ca01f233,34.2,Low,0.622,,
7e2a1e58-e10a-4352-ca15-59fd22f2c07e,34.0,Low,0.618,,
8e125a87-1a3e-4b52-855b-635c06bafd87,33.8,Low,0.614,,
53416e34-aaed-471f-937d-0fea74c444b8,33.6,Low,0.61,,
4b85d836-4912-f7a8-46ac-19256a4ed1d4,33.4,Low,0.606,,
e426d68a-16d2-9097-ff7d-ae2521fb52e5,33.1,Low,0.602,,
26b16f30-da65-8aa3-d1ec-4867ac2a8f35,32.9,Low,0.598,,
2631ddfd-660e-8719-1876-82cf88e13a60,32.7,Low,0.594,,
1b003ea3-bdcb-0416-c3c2-8ff60f2f65f5,32.5,Low,0.59,,
791c16c3-5afa-4081-a47c-53439979e5b3,32.2,Low,0.586,,
cd2c3f97-4df7-b32f-d0c0-12031beae516,32.0,Low,0.582,,
51c3d3a9-bfa0-4a8e-a687-3ef46bc022cc,31.8,Low,0.578,,
1dc2bdca-ae79-4cd5-9d74-961c02cce282,31.6,Low,0.574,,
de481a65-2fb4-4974-b7db-0ec990ea852d,31.4,Low,0.57,,
38305983-db92-2c3c-7949-96f7ca7833eb,31.1,Low,0.566,,
3e50af3d-452f-d098-b3bc-3c2a64576d55,30.9,Low,0.562,,
2c05db07-e980-4d52-a524-1b1ee5185554,30.7,Low,0.558,,
6ea3368b-00ab-4626-a86f-7fcacb3e167e,30.5,Low,0.554,,
72ac33cc-b9b2-9cc4-47fd-d37096c8f30d,30.3,Low,0.55,,
21e237d1-286e-324e-0cef-45725d629768,30.0,Low,0.546,,
f2a00e3d-de04-40a3-6f41-a3ebfcab4a3c,29.8,Low,0.542,,
61031b0a-ef18-26aa-64b7-d412d7b3d276,29.6,Low,0.538,,
82be44de-b1d6-4e48-e6bb-33ec98b83c7d,29.4,Low,0.534,,
4cf13b7d-67b4-87af-6795-b532998a9b0d,28.7,Low,0.522,,
abd9f8e2-40f4-994c-f326-8ad6c939bb6a,28.7,Low,0.522,,
b285539d-6e4c-f6f5-ee68-2dc683541067,28.7,Low,0.522,,
a75fdceb-021a-cc46-3632-8d5369c5f2c6,28.7,Low,0.522,,
49355947-7605-ec5f-7d81-a6597f38d76b,28.7,Low,0.522,,
7949646a-1455-41bc-9b8a-d19f84772bbb,28.1,Low,0.51,,
104a66bf-0d87-2acc-ec03-a73d1c1cfd53,27.8,Low,0.506,,
ac5ee6bc-de6f-6f5a-a196-731bff043dc7,27.4,Low,0.498,,
8aacbc78-5e56-b3c0-f8bc-fcb5490b94f3,27.4,Low,0.498,,
f6c5c3d2-ceda-6c7f-aa96-359c7dc9ee92,27.4,Low,0.498,,
1218c50c-4da4-4f61-baec-5182a25958e3,26.9,Low,0.49,,
d8c4b3c5-9b2a-4c6e-b1e8-0a98c9175234,26.7,Low,0.486,,
146a8458-f956-54ed-317f-b99f7d16fff8,26.5,Low,0.482,,
6f622055-47c5-9b2c-b332-2d5d01953e51,26.3,Low,0.478,,
1422ace8-beea-6d1b-73fd-1d30597b40d5,26.1,Low,0.474,,
e43d640c-3d0c-c63c-52af-626feca768b5,25.6,Low,0.466,,
af8d560f-407a-4e9b-49e9-88f54d8671f4,25.6,Low,0.466,,
57dbc7f1-ef9c-8f08-5ca3-148c520d5a2b,25.6,Low,0.466,,
ec6bd398-2413-2c67-18db-10bdd92ee4f9,25.2,Low,0.458,,
55e6e452-fae2-a5ac-3c12-21424bffbcac,25.0,Low,0.454,,
74c6b975-b0ab-c8b3-8acd-2cf53597a72b,24.2,Low,0.44,,
890d247c-e472-92eb-0db7-ca3bc375622c,24.2,Low,0.44,,
72fb39cc-cecf-39cd-a55a-60d36a23f691,24.2,Low,0.44,,
4bdca5eb-f197-a87d-d26a-c63a9b3298a1,24.2,Low,0.44,,
3b48ac67-d1fa-b227-f284-5da0a25e5ac0,24.2,Low,0.44,,
c0791d4c-9325-bf1b-30af-7af648c26338,24.2,Low,0.44,,
0a550b32-ac5f-efb6-6d3b-e9975e20a82d,23.0,Low,0.418,,
286a5d35-07d2-54bb-eb89-e9519f239c26,23.0,Low,0.418,,
b19dfc6c-a5d5-734c-3d3d-6389c281b3bb,23.0,Low,0.418,,
d58d1d2f-e65b-7705-8ac2-996da0cf28c4,23.0,Low,0.418,,
8fd367e7-7404-4ef6-530b-a40219a48f1e,23.0,Low,0.418,,
04ba1c6f-6c06-819d-9ecc-a0c5f795b922,22.3,Low,0.406,,
618f174c-7c45-cb54-907b-cacc78483918,22.1,Low,0.402,,
e0174322-3fb7-483f-91a0-61b903ae3e49,21.9,Low,0.398,,
d51c2f8f-9df6-06cb-85f3-47a79b9d5006,20.7,Low,0.376,,
122c395f-56fd-4482-fe33-7fa3c3cd30b5,20.7,Low,0.376,,
8c10b5c6-4a40-f455-7732-69c9209c6107,20.7,Low,0.376,,
fede9d18-47bd-03b2-a0a3-73ae43fbcf88,20.7,Low,0.376,,
716b820e-fef7-dcf3-34be-914835261361,20.7,Low,0.376,,
6ce85c3e-5f40-4297-8c38-22ac7432420e,20.7,Low,0.376,,
f8723af2-2adb-2870-b160-e1ad562524be,20.7,Low,0.376,,
bb91db20-f031-af83-8e52-9b613ace7567,20.7,Low,0.376,,
b865619d-9980-0806-c5b5-97fee058322e,20.7,Low,0.376,,
af16fe79-211b-993d-45cc-0c97af4a725c,20.7,Low,0.376,,
ae55ee92-2de5-2688-0d4d-095d6b247552,18.1,Low,0.329,,
4f75b0ca-7bed-c37c-cfd4-1e361a1bb6d4,18.1,Low,0.329,,
456fc08d-55ba-6a5b-7917-edad21de87b2,18.1,Low,0.329,,
1f386b6c-673b-b4f5-5a19-10e9869fcb75,18.1,Low,0.329,,
14b45048-20d5-74f7-f9ff-825c862c3dd5,18.1,Low,0.329,,
0ccf966f-d23f-4994-fedc-211f2f60aa4f,18.1,Low,0.329,,
7d26a731-5027-abff-a77e-ce35303b21f6,18.1,Low,0.329,,
73715344-908a-b7fa-00cc-34358ffb16f0,18.1,Low,0.329,,
128bd731-e1fe-63b6-3451-759840d80453,18.1,Low,0.329,,
a7dadee2-80e3-eba0-084f-5f1847bb3aa4,18.1,Low,0.329,,
a66a39a1-af53-6290-1e0b-7fc51cc20608,18.1,Low,0.329,,
ee61dd03-6eb9-0d71-8bf4-a01ac422b8be,18.1,Low,0.329,,
a974c0ea-b223-c4ff-2027-207ec4a462ac,18.1,Low,0.329,,
5110bc8b-7229-5952-e9db-5feb33391303,11.8,Low,0.215,,
31748409-1d90-3bc0-903e-6d831133e944,11.8,Low,0.215,,
25b63db3-6d1d-cb00-d25c-dfd8b4b17909,11.8,Low,0.215,,
25ef6338-6197-45a8-82d9-ddd0a846f1b2,11.8,Low,0.215,,
02295215-68ff-b712-391f-44370ddab3fc,11.8,Low,0.215,,
344a43f4-d005-00e3-d3f4-5da6b944af56,11.8,Low,0.215,,
2d24b7c1-6556-8eb5-73d6-3ed3913e6d40,11.8,Low,0.215,,
2cd65886-67b3-a4eb-7aad-7c0a230ba95d,11.8,Low,0.215,,
3e99437f-aaa3-5ffe-27bc-cffb9898080d,11.8,Low,0.215,,
00af40b2-545a-c400-060e-9eba5e004ea3,11.8,Low,0.215,,
24ae889b-240e-b064-cfe8-2b27224c15b0,11.8,Low,0.215,,
17d13989-4f37-42a8-1eb2-88b2df3a9692,11.8,Low,0.215,,
c084c357-8268-b2c6-76e0-aa7c5b28eace,11.8,Low,0.215,,
be68c44d-d4d2-478a-7b1e-c9c3fefac406,11.8,Low,0.215,,
be91915d-edd2-04f3-15af-9a0d8c70881a,11.8,Low,0.215,,
d93d9661-c38b-55ac-e5ac-93c052d45622,11.8,Low,0.215,,
e10472f5-6434-2a96-6c28-13939f90427f,11.8,Low,0.215,,
f15d8a38-9297-759e-500a-7a65371fd2c8,11.8,Low,0.215,,
f59fa4ad-6dca-c7e7-d459-5326609a6412,11.8,Low,0.215,,
d2de48e8-0097-4d6d-8e3d-62ee7c8f2fcd,11.8,Low,0.215,,
fd1d6483-722f-9ff9-67bd-a98f7e3f42af,11.8,Low,0.215,,
8490df60-3137-5590-8517-f882a6cff021,11.8,Low,0.215,,
871465d8-763d-f593-3677-399c50f5ed41,11.8,Low,0.215,,
a64019d6-e321-3cb8-e823-478ced6ff4c2,11.8,Low,0.215,,
938b7931-4bde-a083-d158-635a65e6da73,11.8,Low,0.215,,
9714e9c1-0eab-8c23-1dd7-2071a458be87,11.8,Low,0.215,,
9defe9e8-4059-ba6b-5abd-0d1304e73008,11.8,Low,0.215,,
71a9340d-9832-4609-a110-d9b5aaffc020,11.8,Low,0.215,,
bb36c2de-ac80-369b-bef1-b7a9025ad305,11.8,Low,0.215,,
b85e5e22-b8bb-e217-167e-913ce5dc381e,11.8,Low,0.215,,
9e64e0fa-e34a-1c76-8e4a-1452643fab9a,11.8,Low,0.215,,
855f3f6a-72ae-46f4-4cc2-a9a0d5df5b70,11.8,Low,0.215,,
82ce206e-2925-18f5-f18c-d80631a9964e,11.8,Low,0.215,,
7be75b79-f4d2-a3ec-18cf-fb08513feeb7,11.8,Low,0.215,,
cdfd7474-0325-1b45-657c-35abca5b28ee,11.8,Low,0.215,,
0ea0c6d9-a99f-89ea-6b85-9ae409698bd3,11.8,Low,0.215,,
5fb00f2d-8a0d-5260-0006-da9487a8268d,11.8,Low,0.215,,
5e6b35c4-2b97-ea86-e422-f03c332f74be,11.8,Low,0.215,,
1287ac56-adee-78b5-6a6b-56b3e8dd7d48,11.8,Low,0.215,,
6c765a9e-b1ea-4503-e5b7-24daca7c2614,11.8,Low,0.215,,
5fa2b264-379d-b6b2-9929-86237eb38f30,11.8,Low,0.215,,
5f0f16ed-dd5a-936c-5dbc-f76aa297afd4,11.8,Low,0.215,,
53c9ff97-f078-6148-923e-9d1a21b9bb60,11.8,Low,0.215,,
57478035-8e15-2e54-5cb6-2f22777ee909,11.8,Low,0.215,,
d2449d75-0593-4deb-a6c2-fae99fc83ab0,6.8,Low,0.124,,
0d81cbb9-7b2a-918b-bd00-d151c65848ea,5.2,Low,0.094,,
6ce637bf-a5e4-da07-b2a7-e56253fe17bd,5.2,Low,0.094,,
733dd472-3b1e-dd43-76e5-082ddfe66c5b,5.2,Low,0.094,,
5a4bd906-07d0-3c04-680d-6ee01f174660,5.2,Low,0.094,,
46d380ca-fe7a-07d2-4570-5de890c8fdc7,5.2,Low,0.094,,
982397b8-b96b-4d87-eb8b-62916e148d45,5.2,Low,0.094,,
38069f8b-d44e-0b86-a0d1-dafac5ae1232,5.2,Low,0.094,,
55e779dc-a32b-2acb-173b-7de67750927a,5.2,Low,0.094,,
6542b72b-196a-4538-a690-2db7cc212936,5.2,Low,0.094,,
bf46b9e6-83d0-c4a0-a0af-0a7effeaee30,5.2,Low,0.094,,
e17238d1-34ce-0cbb-4dc0-f65e60ff52f7,5.2,Low,0.094,,
d4a34184-ec1a-8b67-030d-6910715f4ccb,5.2,Low,0.094,,
d6d33436-345a-e39c-9f8d-91c76dca514e,5.2,Low,0.094,,
af12a12c-92bf-088b-3073-292fe4dfc478,5.2,Low,0.094,,
17dd0f21-a84d-a57c-7de4-9d5897c7181b,1.8,Low,0.032,,
c2329858-525d-2f70-5e31-bf9a8358eb3e,1.8,Low,0.032,,
0fb589f6-3d4d-9f65-70ec-ffc208b12ba1,1.8,Low,0.032,,
2c1980eb-be51-916e-8f61-1e8fe83afb0c,1.8,Low,0.032,,
5a97c1a1-f33d-ce97-6ee2-069836e0f76b,1.8,Low,0.032,,
11e96dd2-92f4-f793-56db-439d5b3de156,1.8,Low,0.032,,
11316c38-dc08-4983-3588-fcadd88bd5d2,1.8,Low,0.032,,
e04a7b1e-bb22-2ccf-a342-9eea602847ff,1.8,Low,0.032,,
9aab8e6f-97e4-131f-c6cd-a91d11668656,1.8,Low,0.032,,
31f3f7a3-5dc4-21cd-ba54-b41347a7822a,1.8,Low,0.032,,
7076f26b-5297-bb18-64d7-ba48dd2e64b2,1.8,Low,0.032,,
93ffab65-d88d-3bbd-9dba-fc0c764f42f4,1.8,Low,0.032,,
52bfd1fd-5813-000e-3603-19146a2ecd4e,1.8,Low,0.032,,
b533de62-fd5f-cc73-01ad-82aaf5df2fd1,1.8,Low,0.032,,
e51d0052-6144-0814-9748-12b1e6c3b68a,1.8,Low,0.032,,
e6dde6a9-4da9-d1a2-802a-faf5db207e8e,1.8,Low,0.032,,
e093abe2-fae5-a599-2ee8-ce612d47e63e,1.8,Low,0.032,,
