asset_id,asset_code,ticket_id,ticket_number,resolved_at,resolution_hours
00b7fd23-69e7-46fd-82ef-ca35a3f56394,VH-AC-D21-0001,67874652-d7d1-5d89-1e13-b2b3aead6c9d,VISH-25-06-0804,2025-06-22 14:05:00.000,0.0
00b7fd23-69e7-46fd-82ef-ca35a3f56394,VH-AC-D21-0001,938c7806-1f83-4034-a447-087e1dd599b1,VIST-26-06-00122,2026-07-03 05:16:40.274,60.162710877222224
01358eaa-06be-455c-b086-9d9ced1d02c9,VH-AC-D12-0002,42c3224a-e332-3f39-2a9e-dd50aa7623b6,VISH-25-12-0954,2025-12-20 09:32:00.000,0.0
015a5afe-f096-4f3f-a41a-734a4743aa19,VH-AC-B34-0002,65de8cca-e13c-44ee-8b37-0a8f33e93223,VIST-26-05-00004,2026-05-20 13:52:31.399,455.1358043788889
015a5afe-f096-4f3f-a41a-734a4743aa19,VH-AC-B34-0002,00c4b59e-970d-4075-a3b1-5c88a14a036c,VIST-26-06-00110,2026-07-13 12:17:02.323,330.8626108158333
02f56e51-61b4-4122-8c93-d20ad256322d,VH-WM-C11-0001,445453be-c171-4a6e-bda4-13f01b7ca1cd,VIST-26-07-00006,2026-07-02 07:14:18.328,2.887342928611111
03a83019-dd0e-4ab1-8e20-d1ad13a04ea8,VH-WH-B14-0002,b361c9dd-e7af-4f37-b4cf-ca5fd454fc99,VIST-26-06-00114,2026-07-02 08:47:45.426,54.16706685166667
03f8aa98-9864-42fd-921e-06eddab47e98,VH-AC-C34-0002,326e574d-22b2-1849-ac5c-b2677b7cf820,VISH-25-02-0147,2025-02-26 21:47:00.000,0.0
03f8aa98-9864-42fd-921e-06eddab47e98,VH-AC-C34-0002,1dd2c106-4258-400a-1a32-7d97685a4147,VISH-25-02-0150,2025-02-26 21:47:00.000,0.0
03f8aa98-9864-42fd-921e-06eddab47e98,VH-AC-C34-0002,c3120da0-ba49-4a90-872a-19d881add1e0,VIST-26-04-00036,2026-05-19 12:24:28.098,580.9414990533334
03f8aa98-9864-42fd-921e-06eddab47e98,VH-AC-C34-0002,91dbe4c0-bd94-4588-a0a2-ad0961eda292,VIST-26-07-00021,2026-07-13 11:59:40.495,96.77620877361112
05a93b2d-a6c7-4640-93af-6fd19b12c0a2,VH-IS-D11-0001,3452ec27-2423-4f26-b3e8-61abde88cb0d,VIST-26-05-00058,2026-05-26 08:01:00.245,382.0299418569444
06fd6cbb-8d35-400c-8659-aaa0eea17971,VH-AC-C12-0002,c5937030-097a-4c7d-8437-21c5444641a3,VIST-26-06-00097,2026-07-15 15:02:10.230,436.6788678855556
0861776d-2243-4e50-815b-7d79e5acdd51,VH-AC-B12-0002,49454c62-50e8-2d73-503b-70773180abbd,VISH-26-03-0321,2026-03-03 11:06:00.000,0.0
0861776d-2243-4e50-815b-7d79e5acdd51,VH-AC-B12-0002,5b2cc5a3-5b3f-a619-2d5d-7fed31bd05eb,VISH-26-03-0322,2026-03-05 01:08:00.000,0.0
0861776d-2243-4e50-815b-7d79e5acdd51,VH-AC-B12-0002,335f863d-05ce-f6a9-bfd3-4569834cf6c6,VISH-26-03-0323,2026-03-08 23:34:00.000,0.0
0861776d-2243-4e50-815b-7d79e5acdd51,VH-AC-B12-0002,b230c8d4-47ac-4fca-bcfd-25076d66ebe0,VISH-2026-0003,2026-04-03 09:36:50.383,23.454226402777778
08e5cc48-188f-4df9-a3a8-b64c053b1241,VH-FN-B34-0003,4c3d4b48-972e-46e0-90d8-d6b7a2653e36,VIST-26-04-00026,2026-04-24 13:56:02.414,31.746966767500002
0c6a45fa-eea8-4b3e-925c-9e22848928f0,VH-RO-A41-0002,b68b2bcf-ceb9-4cdc-8e0a-fdf2e5fd8d30,VIST-26-07-00054,2026-07-22 05:32:08.911,89.6480210375
0dcfad8a-af37-4c71-8097-1d78e2f17a6f,VH-RO-C21-0001,d24ca09b-494b-4bda-992a-aad57b478ff5,VISH-2026-0018,2026-04-07 08:17:15.214,18.534462866944445
0e9127c1-dd69-4c46-9126-a605af00881c,VH-FN-B22-0002,8b5381ba-acdf-03f6-6be7-6800dea7cbe9,VISH-25-09-0824,2025-09-17 11:44:00.000,0.0
0e9127c1-dd69-4c46-9126-a605af00881c,VH-FN-B22-0002,6093b3d1-66a4-6af6-6a8f-c38000ed54d3,VISH-25-10-0825,2025-10-14 23:53:00.000,0.0
0e9127c1-dd69-4c46-9126-a605af00881c,VH-FN-B22-0002,c1d1b7b9-f412-3169-3a23-1dc873449273,VISH-25-12-0828,2025-12-27 12:14:00.000,0.0
0e9127c1-dd69-4c46-9126-a605af00881c,VH-FN-B22-0002,0f76e7a0-46f8-6d73-2b28-b0e2719414a0,VISH-26-01-0830,2026-01-29 22:12:00.000,0.0
0e9127c1-dd69-4c46-9126-a605af00881c,VH-FN-B22-0002,3f7257c9-29d8-41bb-a4d5-18b68bbeba1f,VIST-26-06-00027,2026-07-28 10:39:30.916,1204.0683578219443
137edf51-8c3c-42ba-8ee2-fa5b316f6e55,VH-AC-D41-0002,58187d60-a167-4ff1-b719-83401928ff54,VISH-2026-1107,2026-05-22 05:55:29.318,852.7799573186111
13d9d678-a406-41b2-853d-8628a9ce5b31,VH-AC-C44-0002,41e93d4f-9a16-82c8-57c5-9b98854f71da,VISH-25-02-0640,2025-02-19 10:58:00.000,0.0
13d9d678-a406-41b2-853d-8628a9ce5b31,VH-AC-C44-0002,014acb2c-befd-2ad4-a2a5-1b6ec4cd5c3f,VISH-25-04-0642,2025-04-07 08:42:00.000,0.0
13d9d678-a406-41b2-853d-8628a9ce5b31,VH-AC-C44-0002,b82ee78f-e773-f4d6-adab-69b2f59fc030,VISH-25-06-0646,2025-06-05 21:32:00.000,0.0
13d9d678-a406-41b2-853d-8628a9ce5b31,VH-AC-C44-0002,07adc185-f2be-4bc2-b209-4e93f7b77682,VIST-26-07-00002,2026-07-03 05:14:34.583,44.88091646944444
13d9d678-a406-41b2-853d-8628a9ce5b31,VH-AC-C44-0002,ae92473e-7b54-4b9d-9518-1a34e5d7f714,VIST-26-06-00121,2026-07-16 12:23:57.855,382.03714944583334
147c451f-29c0-4333-a9e7-a73d1cdb9a1b,VH-AC-C12-0001,509bb2c0-5ae3-facc-e3a2-d883e7bc3899,VISH-25-06-0722,2025-06-20 11:53:00.000,0.0
147c451f-29c0-4333-a9e7-a73d1cdb9a1b,VH-AC-C12-0001,8e13a3cb-24ca-2eab-a37c-d0550bcd342a,VISH-25-11-0725,2025-11-03 17:13:00.000,0.0
147c451f-29c0-4333-a9e7-a73d1cdb9a1b,VH-AC-C12-0001,51dfc044-dc6f-4a50-af93-7e9e8d15e46d,VIST-26-05-00080,2026-05-15 10:51:31.617,22.84683057388889
14d27fc6-b43f-420e-9cc7-29bec3989775,VH-FN-B13-0001,d837105e-eb7b-8fcf-c460-f1dee25a26ac,VISH-25-11-0349,2025-11-13 21:37:00.000,0.0
14d27fc6-b43f-420e-9cc7-29bec3989775,VH-FN-B13-0001,b61f51cf-1bc4-4f30-a118-dfda4bb62988,VIST-26-06-00115,2026-06-30 08:17:58.543,5.3999804155555555
14d27fc6-b43f-420e-9cc7-29bec3989775,VH-FN-B13-0001,851326b0-8cf3-4659-b4b4-fc42713f3a40,VIST-26-06-00124,2026-07-02 08:35:08.977,35.61212709972222
14d27fc6-b43f-420e-9cc7-29bec3989775,VH-FN-B13-0001,32a14c06-3cab-4503-98f6-4a02c22f776b,VIST-26-07-00067,2026-07-22 09:29:48.137,2.8610518466666663
15055f35-2f83-4054-97be-d4a5ebe1f0c4,VH-CO-A23-0002,a2c8ff46-ac0a-424a-bcae-582dfd6db28e,VISH-2026-0024,2026-04-21 19:31:33.107,341.8638972552778
16a9c5c4-e252-4489-9365-7260adc68a58,VH-BS-C34-0003,6d5795dc-528f-4803-9e0f-be060bc4f7af,VIST-26-05-00005,2026-05-26 08:52:27.141,582.1667801677778
18de1186-ae6c-4ce6-a4b2-4c26de696f57,VH-CB-B12-0002,7b5a60ef-d1f2-4f62-943f-59506796ec43,VIST-26-05-00137,2026-06-03 04:28:23.329,137.85077246111112
19232b9f-c4c0-41b7-a655-830705dd9c3b,VH-AC-B41-0003,edaecf35-2fb4-ab87-98c7-c676fa361e5a,VISH-25-08-0308,2025-08-02 05:08:00.000,0.0
19232b9f-c4c0-41b7-a655-830705dd9c3b,VH-AC-B41-0003,637093ef-09b8-483f-4f8b-b67af18f2353,VISH-25-10-0310,2025-10-19 12:08:00.000,0.0
196155a4-0a58-41ee-a6d9-d66ad917c414,VH-WH-C12-0004,15917ad7-bf88-4861-8777-e736a43024ee,VIST-26-07-00013,2026-07-11 07:15:10.532,139.39411719166668
1ac33845-439e-4379-ba39-8f2c952e8873,VH-AC-C44-0003,89ee9b87-c86b-7163-be89-5a967e802f18,VISH-25-03-0383,2025-03-21 20:18:00.000,0.0
1ac33845-439e-4379-ba39-8f2c952e8873,VH-AC-C44-0003,9cc03432-0168-846b-b8af-34f2e82c1304,VISH-25-07-0874,2025-07-30 18:59:00.000,0.0
1ac33845-439e-4379-ba39-8f2c952e8873,VH-AC-C44-0003,01f41bfa-c2f0-c2c6-f86a-f9b8cf2cc167,VISH-25-09-0877,2025-09-07 11:19:00.000,0.0
1ac33845-439e-4379-ba39-8f2c952e8873,VH-AC-C44-0003,793f193e-cb76-43f3-991d-36b8179160da,VIST-26-05-00105,2026-05-22 10:34:30.398,19.400080818611112
1b082c2f-dcc3-45a2-ba43-3308caf04844,VH-CO-C43-0003,8acf69f6-f774-4864-930d-6998e3c0bd1e,VISH-2026-1103,2026-04-15 06:18:22.396,38.17377672916666
1b18f88c-8f4c-45c1-bf3d-4952c8a321b7,VH-CO-B44-0002,ba75932d-0505-4a0c-949b-84bc22c5eb59,VIST-26-04-00022,2026-04-25 14:04:45.789,58.025106038055554
1b6c25dd-0b0e-42c8-bcbe-4db643f93f0c,VH-AC-C41-0004,2c6d1260-ed14-4d39-8728-59d2af490a65,VISH-25-09-0480,2025-09-03 10:06:00.000,0.0
1c2b1ca8-c7d4-4c53-94c8-62837e542238,VH-FN-C41-0004,e4a9a8e6-63c6-3864-1a81-c1212159b45e,VISH-26-01-0494,2026-01-12 09:56:00.000,0.0
1d23efda-47c5-4f25-a9a9-fb25f27f1555,VH-AC-C43-0001,9f1260cf-ea83-34dc-2480-97fd1c8d60d1,VISH-25-10-0247,2025-10-04 13:37:00.000,0.0
1d23efda-47c5-4f25-a9a9-fb25f27f1555,VH-AC-C43-0001,62ec3e07-d588-4248-a406-54abbe7097eb,VISH-2026-1100,2026-04-10 08:05:38.344,0.5856342697222222
1d636b41-0f27-48db-b70c-63414832c405,VH-CB-A41-0004,d92a4b99-dbe6-4eed-81d5-fa375a71c0f8,VIST-26-04-00007,2026-04-20 12:11:20.245,7.197716284999999
1d636b41-0f27-48db-b70c-63414832c405,VH-CB-A41-0004,3d9051cc-ec57-4acb-89ea-b68821421808,VIST-26-06-00077,2026-06-22 06:47:47.965,63.80271401722222
1ecc31a0-bd06-47cd-97d6-08a6fc66b684,VH-AC-C21-0004,1b950245-c697-47aa-a34d-c8c230097405,VIST-26-05-00001,2026-05-20 13:48:36.181,462.31842697972223
1ecc31a0-bd06-47cd-97d6-08a6fc66b684,VH-AC-C21-0004,c9127618-abb9-4756-bae1-5ac6e8ed51c6,VIST-26-05-00002,2026-05-20 13:50:30.240,462.27536966888886
1ed7ea1e-919f-4189-ac1c-92fbcc60760a,VH-CB-A24-0006,47edf057-a884-4cb6-ae6e-5fbb26bcef22,VISH-2026-1106,2026-04-16 12:43:53.758,3.8729277230555557
1f2db2a4-13ef-405c-970f-d5f7838c73fa,VH-WH-A44-0003,5247abe6-4cde-420c-886d-569651233596,VISH-2026-0031,2026-06-29 12:15:46.533,1972.4956260191668
1f66dc02-27aa-4363-bd97-2df70371ebb0,VH-AC-B24-0001,1aba1441-2df9-79da-5819-d950afda374e,VISH-26-02-1009,2026-02-08 22:54:00.000,0.0
1f66dc02-27aa-4363-bd97-2df70371ebb0,VH-AC-B24-0001,8d69ff83-3b77-b53e-15d6-cb22c193e5a1,VISH-26-02-1011,2026-02-16 00:08:00.000,0.0
1f66dc02-27aa-4363-bd97-2df70371ebb0,VH-AC-B24-0001,27f8d0e4-1105-9ba5-cbdf-1b73d5c8f7fa,VISH-26-03-1014,2026-03-18 23:52:00.000,0.0
1f66dc02-27aa-4363-bd97-2df70371ebb0,VH-AC-B24-0001,d0bf3299-2a22-4fa7-afd0-0b9ffc93ad76,VIST-26-05-00017,2026-05-08 06:58:12.996,137.85078707722224
1f66dc02-27aa-4363-bd97-2df70371ebb0,VH-AC-B24-0001,2ccf9bff-aca4-4df0-9b53-338cff2175f1,VIST-26-05-00044,2026-05-23 05:55:42.780,362.5581947519445
1f66dc02-27aa-4363-bd97-2df70371ebb0,VH-AC-B24-0001,457efb24-90c0-41ae-bb6b-5a047470eec7,VIST-26-07-00003,2026-07-02 08:23:49.327,23.67594140888889
1fac099b-4e9f-4260-bfa2-9ecdd23b97fb,VH-RO-D21-0001,73752713-dfcb-4eff-8ce4-b47bbb904804,VIST-26-06-00055,2026-06-16 09:35:25.926,28.664408530277775
1fac099b-4e9f-4260-bfa2-9ecdd23b97fb,VH-RO-D21-0001,25627ef2-0336-47f6-8a33-cf89a60ab7c7,VIST-26-06-00072,2026-06-18 07:29:25.842,0.9037339527777778
1fac099b-4e9f-4260-bfa2-9ecdd23b97fb,VH-RO-D21-0001,51d838ab-d34d-458d-8ba4-a58d1c010c5f,VIST-26-06-00071,2026-06-18 07:31:17.930,3.571961545
1fac099b-4e9f-4260-bfa2-9ecdd23b97fb,VH-RO-D21-0001,7934badb-1059-4191-a4f4-a54e31d99bba,VIST-26-06-00062,2026-06-18 07:33:14.388,27.408079250555556
1fac099b-4e9f-4260-bfa2-9ecdd23b97fb,VH-RO-D21-0001,fe5a5b64-d81e-45cf-be23-0471b912df3c,VIST-26-06-00070,2026-06-20 05:37:59.909,56.84945177638889
2135b780-5345-406d-ae31-fd3cd1c49650,VH-RO-D41-0001,d01d2356-1785-4413-a34d-b32eec8aa9f6,VIST-26-06-00090,2026-07-03 05:27:04.524,178.68966093194445
23613fa4-ac57-4a26-9de3-658c3f2c4b4d,VH-FN-B33-0001,44db321f-5e76-e65a-fd8e-343be344266b,VISH-25-09-0511,2025-09-06 12:21:00.000,0.0
23613fa4-ac57-4a26-9de3-658c3f2c4b4d,VH-FN-B33-0001,7349071f-e4b0-b3c4-3725-6bc4b923b93b,VISH-25-09-0513,2025-09-06 12:36:00.000,0.0
24eb48f0-199e-4932-9b67-5ec3dd853112,VH-MA-B14-0005,48862e77-53fa-42d1-a7e4-5082320b4b33,VIST-26-07-00066,2026-07-22 09:32:27.446,15.616786420555556
258d48fb-9fcd-4500-8724-3d5f900e042a,VH-CB-B11-0006,fbef5564-61db-b880-111a-a820c57dad7e,VISH-26-03-0735,2026-03-01 20:05:00.000,0.0
258d48fb-9fcd-4500-8724-3d5f900e042a,VH-CB-B11-0006,73999906-6bab-4a7b-bb02-ee5f45f086a2,VISH-2026-0009,2026-04-03 10:37:38.274,1.0106289400000001
2920e94a-8321-4019-8aac-1ead84f7559e,VH-WH-C34-0002,5745ae7c-577e-45ee-8306-282882275a32,VIST-26-04-00004,2026-05-26 07:42:39.472,881.2791089461111
2b2f6325-f71e-4739-ae56-b3f912714978,VH-WH-B24-0001,edd4ab1d-1d4d-4acd-9e82-f4fcc0e3288a,VIST-26-05-00103,2026-05-22 05:47:33.494,41.91446826833334
2ba744f4-1d9d-416a-b710-0883dd5d63fa,VH-WM-B44-0001,af56a3bd-431e-4109-a114-dd960d9d2ba2,VIST-26-06-00031,2026-06-12 05:37:18.044,59.55104328888889
2bbe28a7-9d1b-4ef1-b24c-9b2efd828a68,VH-CB-B11-0002,16a8aad8-07c4-4f3e-b978-32bed777aa47,VIST-26-07-00010,2026-07-11 07:27:05.498,188.81279607222223
2bbe28a7-9d1b-4ef1-b24c-9b2efd828a68,VH-CB-B11-0002,a99ead9e-4fc7-4128-bf2c-9a69cd0a8215,VIST-26-07-00094,2026-07-29 09:53:49.323,19.60291818583333
2cbc8c56-879e-418c-84f7-cc6c53598d18,VH-BS-C12-0001,8b3527cf-868d-4d7a-9efc-63713caae3ef,VIST-26-06-00098,2026-07-13 12:21:06.069,385.97216588277774
3005c67a-dd3b-4a53-a457-4b155602758d,VH-FN-B43-0001,e106bcdc-78ba-02cf-9589-368dc10bb2dc,VISH-25-03-0198,2025-03-11 19:08:00.000,0.0
3005c67a-dd3b-4a53-a457-4b155602758d,VH-FN-B43-0001,144a737a-98cb-64f8-3ec4-0406d92af671,VISH-25-03-0199,2025-03-11 19:08:00.000,0.0
3005c67a-dd3b-4a53-a457-4b155602758d,VH-FN-B43-0001,188b1fdb-205f-470f-b9f4-db6e18d74a41,VIST-26-05-00138,2026-06-03 06:09:33.672,112.74242912527778
30d9dbfc-a9d3-49fb-bc99-c78196773658,VH-FN-C43-0002,743c41c0-cdc2-1538-1214-55334b04c359,VISH-25-11-0396,2025-11-15 10:30:00.000,0.0
30d9dbfc-a9d3-49fb-bc99-c78196773658,VH-FN-C43-0002,ba000612-08eb-466e-a200-9116b2f0ab0f,VIST-26-06-00057,2026-06-15 08:37:00.142,0.46098829277777775
317172ac-c2bb-40a2-bf74-b4770912b83a,VH-CB-B12-0007,35dd8f94-4c35-4169-a395-42d399fd0956,VIST-26-05-00135,2026-06-03 04:22:24.926,141.44225725333334
326a9803-4ecf-4a90-9ad6-dc039042ff6c,VH-WH-B12-0002,6178a47c-c209-4050-bbd3-46234b2010e5,VIST-26-05-00104,2026-05-22 05:45:09.515,39.898199518611115
32c898f1-bb0e-4759-ae8b-a79021d7b7e1,VH-AC-B42-0003,802ef082-7491-427a-4efd-63fbdc8a985a,VISH-25-07-0244,2025-07-20 12:54:00.000,0.0
3415582a-1981-4e36-9a42-e1fb2f44736a,VH-FN-D12-0003,2a619afd-a49f-45c5-a21c-eb85d9784f98,VIST-26-06-00041,2026-06-13 12:16:41.132,32.25200917861111
3466151e-b985-4928-a03b-037084dcf9ae,VH-FN-D12-0002,f3d254a5-84be-aba0-e9f6-18960051c6e9,VISH-25-10-0952,2025-10-27 19:51:00.000,0.0
3466151e-b985-4928-a03b-037084dcf9ae,VH-FN-D12-0002,3e6e0a31-07cc-d3e1-2828-76327d86404f,VISH-25-11-0953,2025-11-08 10:02:00.000,0.0
3466151e-b985-4928-a03b-037084dcf9ae,VH-FN-D12-0002,c5a466e9-f41a-4436-8a4d-58621227a138,VISH-2026-0028,2026-04-08 10:19:10.447,16.95141043638889
3466151e-b985-4928-a03b-037084dcf9ae,VH-FN-D12-0002,3b217359-2d33-49eb-9efa-90da713930cb,VIST-26-05-00120,2026-05-25 18:26:31.958,27.259021831388893
35ec240d-87ee-4bcc-b912-3116c4209142,VH-AC-A23-0001,55cdcc01-d85e-4ef7-86a5-c4ff8547afd3,VISH-2026-0001,2026-04-07 06:02:57.101,159.36434262194444
35ec240d-87ee-4bcc-b912-3116c4209142,VH-AC-A23-0001,b88e51a5-f3cb-4174-bcae-781487f61548,VIST-26-04-00041,2026-04-25 13:53:21.807,3.434660038888889
3622b8e4-8e8f-4264-a33e-ea56373f527d,VH-RF-B33-0001,ac72e508-b892-459e-8fa3-0ed87a7ab484,VIST-26-07-00069,2026-07-22 11:05:09.022,3.665991826388889
37597e49-c4ae-4637-83cb-f43ea7ef8d35,VH-FN-A11-0003,b01c08e7-1a87-232a-ae60-8ff001d24f41,VISH-25-11-0919,2025-11-05 22:16:00.000,0.0
376d7336-cbff-4759-ac43-c1781e99e148,VH-AC-C42-0003,ecad523b-e901-dd1a-de6c-3bb757fc543d,VISH-26-02-0255,2026-02-01 21:15:00.000,0.0
38024f17-c961-4963-a0ed-d681e192a3f6,VH-AC-C42-0001,fce09a0d-c068-3de8-0a06-0a027eba81a9,VISH-25-08-0342,2025-08-01 05:28:00.000,0.0
38024f17-c961-4963-a0ed-d681e192a3f6,VH-AC-C42-0001,20a82a52-d6ce-ee9f-29a2-31b4981cf48c,VISH-25-09-0344,2025-09-13 12:24:00.000,0.0
38024f17-c961-4963-a0ed-d681e192a3f6,VH-AC-C42-0001,57584f0a-35f3-99af-bc46-f728d7ce662b,VISH-26-02-1036,2026-02-25 21:31:00.000,0.0
3a808621-2515-4b75-9e29-7b16e340da4f,VH-RF-D11-0001,fd2babd5-9005-450a-ae03-3489776a5eae,VIST-26-05-00056,2026-05-25 05:01:56.982,355.06807526166665
3babeb92-9e7c-4877-8eea-8b0a471e1e37,VH-BS-C34-0002,c357bd0c-ed09-4aed-9e47-2952abc4b848,VIST-26-05-00114,2026-06-03 04:31:55.475,260.7319263283333
3cd43d6f-933d-4917-9b7d-296ae90d9d4f,VH-FN-C34-0002,a845ff25-034e-46d8-1eb7-bb5369cb3262,VISH-25-10-0155,2025-10-27 07:09:00.000,0.0
3cd43d6f-933d-4917-9b7d-296ae90d9d4f,VH-FN-C34-0002,2e126a23-8caf-4f95-8de0-b745519555c4,VIST-26-05-00090,2026-05-19 12:18:33.873,30.40275798
3cd43d6f-933d-4917-9b7d-296ae90d9d4f,VH-FN-C34-0002,074ea4b3-1a2f-4ee8-a73c-6e16276f6bff,VIST-26-06-00088,2026-06-26 10:28:04.719,50.0290553325
3dbc7592-a86c-46d0-b08c-dadf816e376c,VH-BS-B24-0002,3d9e2a93-f4a4-4d7c-b921-19347f1c1403,VIST-26-06-00050,2026-06-16 09:34:32.276,48.19952504333333
3efce5d2-b6c1-424a-9491-52000cca55c5,VH-AC-C21-0003,ceaf797f-d3ee-4198-0e34-827df4c659ff,VISH-25-10-0539,2025-10-22 19:16:00.000,0.0
3efce5d2-b6c1-424a-9491-52000cca55c5,VH-AC-C21-0003,cc29e194-f2c7-a160-4f8a-1054aea369c7,VISH-26-03-0541,2026-03-09 20:03:00.000,0.0
3efce5d2-b6c1-424a-9491-52000cca55c5,VH-AC-C21-0003,b30178f4-4a1c-4469-9255-be9eed264561,VIST-26-05-00123,2026-05-25 18:33:46.157,14.9479147175
3efce5d2-b6c1-424a-9491-52000cca55c5,VH-AC-C21-0003,1253875a-f6c4-4ed0-92d1-c3e6e7a4dabb,VIST-26-05-00129,2026-05-28 09:52:35.007,43.24432401888889
3efce5d2-b6c1-424a-9491-52000cca55c5,VH-AC-C21-0003,1615e90e-84bc-49bc-8702-f4fdc175dc8e,VIST-26-07-00025,2026-07-13 11:54:53.880,51.80192299777778
3f41cc65-e037-4c1e-863a-cc49813984d6,VH-AC-B11-0001,817ac95b-3731-26b7-a06a-fca260f98dbf,VISH-25-04-0262,2025-04-07 19:10:00.000,0.0
3f41cc65-e037-4c1e-863a-cc49813984d6,VH-AC-B11-0001,f36a3de9-8f2a-8d34-9b71-173e85d0d430,VISH-26-03-0945,2026-03-11 12:30:00.000,0.0
3f41cc65-e037-4c1e-863a-cc49813984d6,VH-AC-B11-0001,ca767982-0311-9ec4-0efb-66d254fe43ea,VISH-26-03-0946,2026-03-12 23:43:00.000,0.0
3f41cc65-e037-4c1e-863a-cc49813984d6,VH-AC-B11-0001,ec2ccc9a-c9fb-d6dc-1c0c-8b5431541f70,VISH-26-03-0947,2026-03-13 21:32:00.000,0.0
40273ebc-52da-4130-82f8-a28b466d4adc,VH-AC-B11-0003,2191b23d-eeba-66fc-7983-f3ce989917ce,VISH-26-02-0931,2026-02-21 10:48:00.000,0.0
40273ebc-52da-4130-82f8-a28b466d4adc,VH-AC-B11-0003,2d2f4aaa-e9db-12ef-bb50-f74383e74434,VISH-26-02-0932,2026-02-22 17:05:00.000,0.0
40273ebc-52da-4130-82f8-a28b466d4adc,VH-AC-B11-0003,9c6f1860-b99a-4590-a537-7b0051409a06,VIST-26-05-00097,2026-05-19 07:10:28.111,3.988455638055555
40273ebc-52da-4130-82f8-a28b466d4adc,VH-AC-B11-0003,488572a1-3596-4a89-9d85-69a2b47f3300,VIST-26-04-00054,2026-05-20 13:40:59.812,548.5380673366667
40273ebc-52da-4130-82f8-a28b466d4adc,VH-AC-B11-0003,8acb89e3-ea87-4013-8fdf-7f56b6d7f6b2,VIST-26-05-00132,2026-05-28 10:21:16.693,19.784822048888888
41b29390-ba7f-498b-accf-cf2f33a2d333,VH-WH-B33-0002,2d51794c-13c3-46fb-9138-15f4b9c36f32,VIST-26-05-00128,2026-05-28 04:43:02.136,39.04860031305555
41b29390-ba7f-498b-accf-cf2f33a2d333,VH-WH-B33-0002,327e384f-e936-47d9-9cfb-ca1b41bc8f1c,VIST-26-06-00068,2026-06-18 09:48:40.535,17.12327848972222
42a93c58-fb3e-4aaf-a63d-91102387a922,VH-WH-C31-0003,84c4cb57-827f-49b5-a473-4bb6df134de6,VIST-26-06-00096,2026-06-27 07:32:44.453,7.489618249444445
436099db-3a2e-4b9c-984c-ccb958ef972e,VH-AC-C31-0001,07125828-0af2-447b-88e1-cafa8a322705,VIST-26-06-00018,2026-06-06 04:36:22.174,21.250253676666663
4464c94c-a1a3-4658-ae52-805edad1df56,VH-BS-C41-0002,93e90f49-e5d8-4bd3-8cc8-eaf91c0ecf63,VISH-2026-0015,2026-04-07 04:42:28.518,60.891592161944445
44ee6905-97d0-4e14-843d-55300d23be1d,VH-WM-C43-0001,ebb855b4-4121-4659-977f-638e2ffdeb75,VIST-26-06-00003,2026-06-02 04:19:35.153,22.794498130277777
45cf3ce8-48d0-4b37-b975-1b26af059c69,VH-FN-A23-0002,204275a1-d75e-4b2f-ad2f-ae607f40730a,VIST-26-06-00013,2026-06-04 10:07:59.993,18.549665336666667
45cf3ce8-48d0-4b37-b975-1b26af059c69,VH-FN-A23-0002,84606359-3085-4e82-8854-11ac5b5045e7,VIST-26-06-00045,2026-06-13 12:08:33.349,18.57831511111111
471a77c8-6159-471b-a7b3-910527eb1e9c,VH-AC-C11-0003,7d73b439-48e1-a4e4-451c-9fd9d2d98814,VISH-26-02-0741,2026-02-26 12:32:00.000,0.0
471a77c8-6159-471b-a7b3-910527eb1e9c,VH-AC-C11-0003,e0ab7426-e4d5-9303-1698-d86175db730d,VISH-26-03-0742,2026-03-09 03:30:00.000,0.0
482ebc6b-9875-4f32-b96c-ea193c4fe7ad,VH-CB-B33-0004,9fd43c4c-a469-4f74-8c15-74a116f26187,VIST-26-07-00070,2026-07-24 11:54:55.844,48.31658460388889
4a3f3e80-1c5b-469a-ae3c-e467b3f2bc85,VH-WM-C24-0001,3617c754-2014-417f-89e9-872fdc322560,VIST-26-05-00086,2026-05-19 12:23:31.382,34.550817798055554
4bca902d-8716-446e-b3b2-e01da0999fba,VH-AC-A44-0004,7c2663ac-612b-417d-9bf7-5e6ac8d3efe5,VIST-26-05-00108,2026-05-22 10:25:50.148,16.343826189444442
4d04ac5b-ace9-424c-b2cf-97c3843d8d10,VH-BS-D41-0002,4d73f96e-77f8-414a-a140-29330161d3e6,VIST-26-06-00091,2026-07-11 07:47:34.143,373.0092468327778
4e5f5e33-7af3-47f5-8e05-d3ea5795882e,VH-AC-C11-0001,0e095d80-8ab7-4313-9958-5f31427e3a26,VIST-26-07-00090,2026-07-28 09:15:38.579,20.16584814638889
4f48d094-6bbb-4944-a409-69e8d7e7fb23,VH-CB-C34-0005,e0e94ac2-9af5-4194-ba97-3caff204496e,VIST-26-06-00108,2026-06-30 08:34:39.230,18.941817576666665
50fccbdd-9c3e-407c-ace9-47dd457a3b4d,VH-AC-B44-0001,d3493b15-9a02-75ae-63ee-c9fdfb9258f7,VISH-25-10-0757,2025-10-06 11:10:00.000,0.0
5113f32c-70bb-4e71-9b7f-f7160c4ecb3e,VH-AC-D41-0004,a7e318bc-fde2-4691-a766-fbdf9b064f4d,VIST-26-06-00065,2026-06-18 07:39:38.906,16.911013620555558
5113f32c-70bb-4e71-9b7f-f7160c4ecb3e,VH-AC-D41-0004,43e6cbf0-e2d4-40ae-bf20-4df7b23cf915,VIST-26-06-00069,2026-06-22 06:27:52.318,108.5805082536111
5113f32c-70bb-4e71-9b7f-f7160c4ecb3e,VH-AC-D41-0004,2c290b85-57fd-4fca-8a21-5f6dab2423bf,VIST-26-06-00089,2026-07-03 05:28:53.873,184.0802401586111
5113f32c-70bb-4e71-9b7f-f7160c4ecb3e,VH-AC-D41-0004,3c33e01e-12af-4544-98dd-09399c2c61db,VIST-26-06-00109,2026-07-16 08:16:04.409,399.4285049488889
5255813b-afa8-4222-9151-d1b9ecbf3f06,VH-FN-B42-0003,4df5928b-5c95-6cd9-d960-33626578ae6c,VISH-25-11-0028,2025-11-29 12:09:00.000,0.0
544b7073-6afc-400a-bb6d-561234a7664d,VH-CO-B33-0005,2f821a1a-cdee-4e0b-b688-83e9e30edf93,VIST-26-06-00002,2026-06-02 05:56:28.330,26.793797830555555
555e98eb-4fe6-4459-8cc7-46924f281dfb,VH-CO-C21-0001,d6a91c4a-bcda-4f95-83d1-a34ed7cf8e65,VISH-2026-0019,2026-04-09 12:17:55.049,59.98462903888889
561ea125-de43-46ef-b0b5-c9748b1e06ad,VH-AC-D21-0004,eed88ead-3973-4643-8814-412fdd2ad9be,VIST-26-05-00096,2026-05-19 12:20:44.265,12.616189904722223
563f1f66-9d2f-4054-b25b-775b06211ce1,VH-FN-A44-0004,ba40bb47-d80f-d60d-aaf9-5fd0db3a2409,VISH-25-05-0412,2025-05-26 19:24:00.000,0.0
572c3a43-35ae-48cc-941e-77484386f1bd,VH-AC-C12-0004,c0a5fa74-cdcd-c23e-2d58-e3b1b502fa1b,VISH-25-02-0204,2025-02-16 12:52:00.000,0.0
572c3a43-35ae-48cc-941e-77484386f1bd,VH-AC-C12-0004,8c944ff6-cd23-6076-4cf5-20fdde397111,VISH-25-02-0205,2025-02-16 12:52:00.000,0.0
572c3a43-35ae-48cc-941e-77484386f1bd,VH-AC-C12-0004,f880a3de-eff2-2145-29f1-5664ee9c6984,VISH-25-03-0212,2025-03-11 11:46:00.000,0.0
572c3a43-35ae-48cc-941e-77484386f1bd,VH-AC-C12-0004,352a7be8-13bb-a32f-579c-73f8dc725e5c,VISH-25-04-0215,2025-04-21 23:39:00.000,0.0
572c3a43-35ae-48cc-941e-77484386f1bd,VH-AC-C12-0004,6efda9c4-a92a-a6b4-5580-c8d804c8a8ea,VISH-25-06-0216,2025-06-01 11:03:00.000,0.0
572c3a43-35ae-48cc-941e-77484386f1bd,VH-AC-C12-0004,6cf515d2-ca6f-3da8-6801-8d62a1fc00d9,VISH-25-06-0219,2025-06-04 19:57:00.000,0.0
572c3a43-35ae-48cc-941e-77484386f1bd,VH-AC-C12-0004,f4d00892-b71c-2af8-dabd-11e1be17f340,VISH-25-06-0220,2025-06-23 22:36:00.000,0.0
572c3a43-35ae-48cc-941e-77484386f1bd,VH-AC-C12-0004,adeaf389-d252-4d24-c3ab-0e50e8a2fbed,VISH-25-07-0221,2025-07-07 22:18:00.000,0.0
572c3a43-35ae-48cc-941e-77484386f1bd,VH-AC-C12-0004,740813a9-6573-e8d0-b8c4-6adbbab8dd17,VISH-26-02-0224,2026-02-25 19:05:00.000,0.0
572c3a43-35ae-48cc-941e-77484386f1bd,VH-AC-C12-0004,6ee7e61a-b10e-4a6d-95c2-02b365bb774e,VIST-26-07-00053,2026-07-18 11:14:37.019,3.84176878
58cb2e24-2d02-4c94-acad-fe4c2afaa878,VH-FN-B13-0002,bf3282aa-4a76-3cd6-e2e2-9a991cbf09b0,VISH-25-05-0616,2025-05-21 17:23:00.000,0.0
58cb2e24-2d02-4c94-acad-fe4c2afaa878,VH-FN-B13-0002,b0f23ed9-93bd-d3c3-c28b-b68a176da951,VISH-25-07-0617,2025-07-16 12:21:00.000,0.0
58cb2e24-2d02-4c94-acad-fe4c2afaa878,VH-FN-B13-0002,eead3b6a-d489-649b-4c95-5a676786a5ad,VISH-25-09-0621,2025-09-29 12:26:00.000,0.0
58cb2e24-2d02-4c94-acad-fe4c2afaa878,VH-FN-B13-0002,1d7b9442-855e-49fc-fe9d-5936a5e94053,VISH-25-09-0622,2025-09-29 12:28:00.000,0.0
58cb2e24-2d02-4c94-acad-fe4c2afaa878,VH-FN-B13-0002,cb0122d3-b3f1-a15b-dd3b-5dd6a106344b,VISH-25-09-0623,2025-09-29 12:28:00.000,0.0
58cb2e24-2d02-4c94-acad-fe4c2afaa878,VH-FN-B13-0002,7ed612c2-7263-7df0-fef7-ca70e2346fba,VISH-25-09-0624,2025-09-29 12:28:00.000,0.0
5a8e3cf4-9abe-4240-8ecd-307405ee17c3,VH-RO-B32-0001,4a230654-886f-4fc0-99ed-f669b07f509f,VIST-26-07-00036,2026-07-16 08:07:59.121,50.55855833
5afb5cb0-85ac-4667-a503-73f76261a726,VH-FN-D21-0001,f0affaee-a05c-4cd9-97b6-f6b895f55ad6,VIST-26-06-00030,2026-06-09 10:37:43.603,3.920103641111111
5da6f131-fa1e-4f4a-bd3e-736bee9f59d2,VH-AC-D11-0001,3d7e8e75-3347-4c38-9518-8b60c3c5e3fd,VIST-26-05-00079,2026-06-13 04:45:32.007,735.1621949780555
5f808eec-7ba7-4136-ba85-0e2aee0f52bd,VH-BS-C44-0001,5553e210-3933-4725-864c-1919c0e8afc0,VIST-26-06-00120,2026-07-02 08:39:37.144,42.318410988888886
60e6badc-68a9-4456-b05b-c745c0e14502,VH-AC-B41-0002,65430ff7-582b-c456-3c80-561ebc995325,VISH-25-12-0773,2025-12-18 12:52:00.000,0.0
60e6badc-68a9-4456-b05b-c745c0e14502,VH-AC-B41-0002,313e7f25-536e-4c44-bcbc-aeeed7545253,VIST-26-06-00004,2026-06-06 04:18:49.397,111.06808431277777
60e6badc-68a9-4456-b05b-c745c0e14502,VH-AC-B41-0002,3452ef1d-d432-41d4-879e-15bc3ffea536,VIST-26-07-00015,2026-07-13 12:05:41.009,164.3026289836111
61507e8e-6567-48b7-b838-3e16c2397da7,VH-AC-B22-0001,c178b4b7-d5b4-9128-d71a-493657ef3f3e,VISH-25-07-0809,2025-07-15 14:38:00.000,0.0
61507e8e-6567-48b7-b838-3e16c2397da7,VH-AC-B22-0001,ed33db40-0cc9-a1d4-3477-29dcb26f0324,VISH-25-10-0814,2025-10-17 17:28:00.000,0.0
61507e8e-6567-48b7-b838-3e16c2397da7,VH-AC-B22-0001,912ad16c-a1c2-48c6-b445-1685778c106f,VIST-26-04-00015,2026-06-09 05:54:54.498,1152.6271995541667
625b07e7-083b-4c9d-b00b-203844544ea3,VH-AC-B41-0004,cbb86a8c-ebfa-7c9c-7bb7-c636ccab17d3,VISH-25-02-0426,2025-02-25 12:44:00.000,0.0
625b07e7-083b-4c9d-b00b-203844544ea3,VH-AC-B41-0004,e59af8ce-c359-87da-eda3-a1014252600b,VISH-25-04-0428,2025-04-14 13:11:00.000,0.0
63478105-cb45-42c7-a539-896abd5618d4,VH-FN-B42-0002,36a40325-baf0-48bd-2f2f-a612a265adc3,VISH-25-10-0277,2025-10-05 21:47:00.000,0.0
63478105-cb45-42c7-a539-896abd5618d4,VH-FN-B42-0002,4e7ca839-263d-d5ae-62e2-4d0501932052,VISH-26-03-0287,2026-03-10 19:56:00.000,0.0
63583664-7699-4bd5-892d-2123c5cc534b,VH-WM-B32-0001,750de943-50cf-721e-6420-3ed5e6471663,VISH-25-02-0345,2025-02-17 13:13:00.000,0.0
64446452-f9e9-42d6-98d4-dc9aab5f2985,VH-AC-D12-0001,d0567dac-8c86-d7cb-d1ea-30f478982a88,VISH-25-05-0020,2025-05-26 01:35:00.000,0.0
656467e0-85ba-45b6-ac40-6fa5e71d0af6,VH-CB-C43-0005,93875bf1-b143-40b3-b27a-84bb5f57ef44,VISH-2026-0022,2026-04-07 11:45:56.910,7.177157582777777
656467e0-85ba-45b6-ac40-6fa5e71d0af6,VH-CB-C43-0005,44202a80-84f2-45c8-ad8e-b69c6599ba32,VISH-2026-0032,2026-04-09 09:59:05.657,23.056159121944447
65682bd2-39f7-48df-9dcf-132d8853120d,VH-MA-C12-0001,c0ddb057-58a9-457b-af08-0bb6312b17ab,VIST-26-06-00081,2026-06-22 10:41:49.535,19.696434495277778
674fc797-2fa0-4292-9fcb-4205d7c5353b,VH-RO-C41-0001,5a5c1abb-862e-439f-b206-930acf2ac60a,VIST-26-06-00076,2026-06-22 06:45:58.608,63.995480847500005
690f675a-c094-4d91-98ac-96d339f5ef64,VH-AC-C42-0002,a834794b-c55c-955a-d7ed-17c88725bea0,VISH-25-04-0568,2025-04-19 13:45:00.000,0.0
690f675a-c094-4d91-98ac-96d339f5ef64,VH-AC-C42-0002,3514fadd-6adf-e82d-b42f-5b5b1cfee140,VISH-25-08-0571,2025-08-02 16:39:00.000,0.0
690f675a-c094-4d91-98ac-96d339f5ef64,VH-AC-C42-0002,1df9b841-b039-6bcd-9e05-d24b1c3734f6,VISH-26-03-1048,2026-03-01 14:32:00.000,0.0
6964752d-3abb-4921-9c1b-d1b668a1ce85,VH-AC-B33-0001,4a3c32c4-7485-8604-2524-762c54aa246c,VISH-25-04-0510,2025-04-04 09:44:00.000,0.0
69cb270b-e8f3-410e-9142-2752016b44f9,VH-FN-A23-0001,31dbf808-b397-8ee5-d368-3cac57b8507c,VISH-25-10-0933,2025-10-01 16:38:00.000,0.0
69cb270b-e8f3-410e-9142-2752016b44f9,VH-FN-A23-0001,047c498a-6455-4af2-a829-3e20b6f96ed3,VIST-26-06-00011,2026-06-05 04:56:25.691,46.04741182194444
6b304c3f-616d-4dd8-ba7b-5c50efebba7d,VH-WH-A12-0003,c8d729d3-993e-4f49-80c3-95b036fee0ce,VIST-26-05-00121,2026-05-25 18:28:22.629,24.018177880555555
6b3439e1-ce82-479e-9781-e9a2b893b664,VH-WH-B13-0001,697a386b-0c0f-44c4-8653-96a72084bcec,VIST-26-06-00063,2026-06-18 08:29:42.525,24.776967774722223
6b3439e1-ce82-479e-9781-e9a2b893b664,VH-WH-B13-0001,c94b4387-b104-49de-a22d-136c17203559,VIST-26-06-00074,2026-06-19 10:23:09.898,12.582539265
6b3439e1-ce82-479e-9781-e9a2b893b664,VH-WH-B13-0001,455d5545-85c3-4b43-a944-e788c3257855,VIST-26-07-00017,2026-07-11 06:57:46.368,68.17474123944444
6bb4484a-8055-40b3-8309-ba92c7a3fb62,VH-WM-C21-0001,c1b52572-c0ee-4d6f-8b4b-19e97105217b,VIST-26-04-00049,2026-04-28 04:38:00.194,19.576113750833333
6cb27459-de3c-427e-911e-71b60fc9a10c,VH-RO-C31-0001,53f77ddc-446d-4480-a617-de536961a1e0,VIST-26-06-00026,2026-06-09 06:49:36.313,36.49688634305555
6cb27459-de3c-427e-911e-71b60fc9a10c,VH-RO-C31-0001,421bb1d1-5097-4c05-a533-97860e8a541c,VIST-26-06-00080,2026-06-24 07:47:32.307,93.7050329113889
6d139e37-b2c9-41ce-ab61-761b58c50881,VH-FN-B13-0003,53040f7e-89a2-4c5c-9f73-71feae903e1a,VIST-26-06-00111,2026-06-30 08:30:31.460,7.734701253888889
6d6df3d5-fc6b-417d-bdba-9b0ef9c1425c,VH-RO-B12-0001,91c3df30-8736-4363-afda-343891a9380a,VIST-26-06-00040,2026-06-12 06:02:47.355,13.449212368055555
6eb2d076-e348-4bfc-856d-86723e94ab90,VH-FN-C12-0001,d630d3b6-570c-f6f8-987e-75eab5891d77,VISH-25-11-0727,2025-11-03 17:16:00.000,0.0
71701352-6d07-4b20-b6f7-7b70117dd5a3,VH-AC-A41-0003,b1635ae1-58e8-c773-c965-7465fd7e581b,VISH-25-06-0732,2025-06-01 16:43:00.000,0.0
71701352-6d07-4b20-b6f7-7b70117dd5a3,VH-AC-A41-0003,f94f3fc8-0a93-1476-3735-1226c6c07a25,VISH-25-06-0734,2025-06-13 14:37:00.000,0.0
71701352-6d07-4b20-b6f7-7b70117dd5a3,VH-AC-A41-0003,85bd1fef-51ab-3b14-6151-74d7fb0d6b7c,VISH-25-10-0057,2025-10-11 11:43:00.000,0.0
71701352-6d07-4b20-b6f7-7b70117dd5a3,VH-AC-A41-0003,fd95aa3b-dc52-7809-ca1e-c3a77c98640a,VISH-26-02-0063,2026-02-14 09:25:00.000,0.0
71701352-6d07-4b20-b6f7-7b70117dd5a3,VH-AC-A41-0003,cc6809fa-9153-7415-8aae-5e6e06e85431,VISH-26-02-0065,2026-02-15 13:58:00.000,0.0
71701352-6d07-4b20-b6f7-7b70117dd5a3,VH-AC-A41-0003,28ec0694-a088-19c4-4323-cd4553956079,VISH-26-03-0068,2026-03-03 09:05:00.000,0.0
71701352-6d07-4b20-b6f7-7b70117dd5a3,VH-AC-A41-0003,9f53b279-80bb-d6c2-ac64-4a431b95bc5b,VISH-26-03-0071,2026-03-13 23:20:00.000,0.0
71701352-6d07-4b20-b6f7-7b70117dd5a3,VH-AC-A41-0003,5e89f675-cd07-456b-89e4-d141040c2f0e,VIST-26-07-00052,2026-07-18 11:11:54.888,5.14832422
749517a3-bc94-4092-94b6-48c55df52b27,VH-WM-C34-0001,943908d6-ee9a-4bf4-aeab-eff7fb4ae697,VIST-26-06-00107,2026-06-30 08:38:05.885,19.025489970833334
75d01f7c-1d6c-4526-89a9-cd60de1a0a72,VH-FN-C31-0003,4dc1661f-4f6f-480f-914b-c4c531a02740,VIST-26-05-00095,2026-05-19 08:18:00.480,15.29189852888889
763d357a-c096-4573-bc9f-22c615990521,VH-CB-D12-0004,4916dbd8-2371-41fd-aae7-9946532592bd,VIST-26-06-00042,2026-06-13 06:56:52.372,26.890935635833333
77767257-fb83-446b-a520-e59bef8e1d49,VH-AC-B13-0002,e0606954-e645-47ed-8008-f5ace1c87acc,VIST-26-07-00068,2026-07-28 09:31:17.410,146.11387284472224
78771496-d60c-4fe0-b6bd-cd95b52e12dd,VH-FN-B41-0001,f0576a1c-1517-c150-6fa3-d7d6f2865c9c,VISH-26-03-0712,2026-03-05 13:39:00.000,0.0
78771496-d60c-4fe0-b6bd-cd95b52e12dd,VH-FN-B41-0001,93040aef-2f10-5fc0-0067-39e9dd5b030f,VISH-26-03-0713,2026-03-05 13:40:00.000,0.0
797e7972-72a1-4785-895a-38ea0e45a330,VH-FN-B12-0001,11dcf269-8bc3-4127-94ad-49b9f248cbb2,VIST-26-05-00093,2026-05-19 07:14:31.330,14.287698831388889
797e7972-72a1-4785-895a-38ea0e45a330,VH-FN-B12-0001,04617c6a-c9d0-4f9c-845e-a513b686709a,VIST-26-05-00122,2026-05-25 18:30:42.722,16.366979656944444
79b14f2a-439d-42a3-973b-c0c8b17d190f,VH-DT-D21-0001,6c91a465-4e6a-4e33-a064-54bbec48228c,VISH-2026-0021,2026-04-10 05:45:16.612,75.62072782166666
7a14979e-6e89-4006-9aa2-8705a2f07dfe,VH-CO-C12-0006,2132b30e-45a1-4021-801e-c0772c7fcc4d,VISH-2026-0008,2026-04-03 10:32:19.327,4.3262552577777775
7a8faef7-aab4-43c5-bf03-b4a1561577db,VH-FN-C31-0004,efc165ef-b485-4535-3dbe-75129cbd9f5a,VISH-25-05-0634,2025-05-02 17:39:00.000,0.0
7a8faef7-aab4-43c5-bf03-b4a1561577db,VH-FN-C31-0004,97beeab7-5ad1-8122-7784-1c690ab3e70b,VISH-26-03-1042,2026-03-20 12:41:00.000,0.0
7a8faef7-aab4-43c5-bf03-b4a1561577db,VH-FN-C31-0004,f7eef293-0543-ae3f-98e3-6366264442e5,VISH-26-03-1043,2026-03-20 12:45:00.000,0.0
7c736843-8e67-42a0-ad37-46f0794f96a2,VH-AC-A12-0001,5dbc9be1-a8a1-487f-84b3-2100742c5039,VIST-26-05-00110,2026-05-22 10:18:58.375,7.928867642222222
7cb3ace3-4480-4aa0-9efe-c9b0134c8624,VH-CB-D12-0003,337de57d-034a-4531-990b-0af07c34522a,VISH-2026-0026,2026-04-08 10:13:52.137,16.921289785
7f864296-4fea-4704-9363-c0bdd3dcfc31,VH-FN-A41-0004,fee940e2-83d1-4749-ab17-a7df7d3e1905,VIST-26-05-00109,2026-05-22 10:22:59.473,15.022269549444445
7f86b98d-2ca5-4a44-8c4b-bc89e75d7e89,VH-WH-C42-0002,9c3cf2fa-b5d4-46e0-b7a6-a3acfca2c674,VIST-26-05-00082,2026-05-19 04:54:50.967,70.49272333111111
84b2ced1-debf-4182-b973-054535294fec,VH-ST-D21-0003,8d75fa92-677d-4efd-ab0f-c81b150830e1,VIST-26-07-00058,2026-07-22 05:46:36.804,72.48608953444445
84fadbc1-0050-4330-a93c-81d5666058b8,VH-AC-A24-0001,93e4010d-b202-4327-4291-8608090b4249,VISH-26-02-1033,2026-02-16 23:08:00.000,0.0
85bff95a-36d4-4788-bb27-cdbb588024e9,VH-CB-A44-0001,aecce5fb-e812-42f2-9ac3-2c17e70ce753,VIST-26-05-00130,2026-05-28 04:51:17.452,20.367373816944443
86cfe969-a250-4233-ae88-b25e85bfd41e,VH-FN-A44-0001,0faa0e6f-3fbf-0984-2517-86149f652eee,VISH-25-05-0441,2025-05-03 22:10:00.000,0.0
87f1cde5-cc89-4a84-83a1-d3f92094f0f8,VH-WM-B12-0001,b6252b1a-ee47-4f4d-8e22-212452907c29,VIST-26-06-00025,2026-06-12 05:39:33.318,113.80582673333333
87f1cde5-cc89-4a84-83a1-d3f92094f0f8,VH-WM-B12-0001,5d9d7a1b-fb90-40b5-9623-002f5c788745,VIST-26-06-00039,2026-06-12 05:43:22.960,13.145591281666666
87f1cde5-cc89-4a84-83a1-d3f92094f0f8,VH-WM-B12-0001,72306fae-1737-4c53-917b-4a0408a78a10,VIST-26-06-00103,2026-06-30 08:46:14.097,41.047031347499995
892dee30-f709-4a03-84bf-21b682baa295,VH-CB-C12-0006,b1787bae-d6e8-4586-8858-0cb87ce35efc,VIST-26-04-00008,2026-04-24 11:40:36.822,101.16469389055555
892dee30-f709-4a03-84bf-21b682baa295,VH-CB-C12-0006,00442f6b-bad8-4efc-9138-a7fe5a491665,VIST-26-06-00019,2026-06-06 05:34:52.048,18.026480484444445
8ac38fac-21c5-437c-b041-d35aa66d955d,VH-WM-B42-0001,98d1b7f5-3d99-479d-85a5-0bed2c1b5252,VIST-26-05-00099,2026-05-19 12:44:52.226,4.270734148055555
8ad4378e-8b51-4c43-8690-81aba71ae42a,VH-FN-D21-0002,d07d886a-50cd-43dd-b8a2-efdc5353759b,VIST-26-07-00056,2026-07-27 11:22:52.088,198.1858620602778
8ba23bd2-c79d-47f8-bd9a-fce14d69fd65,VH-BS-C41-0001,3bbdb1e6-97f8-4bf0-a3da-9ac0e18a1030,VIST-26-07-00079,2026-07-24 11:10:30.161,26.790396357499997
8e4a1a7b-c87d-40fc-b80c-181f621c7e4a,VH-FN-A44-0002,9a08726f-03c5-3110-ef60-e94e2b21fbbd,VISH-25-03-0407,2025-03-05 23:03:00.000,0.0
8f5d7ba9-389f-4c66-9724-0e54abeb3076,VH-AC-C31-0002,25821fed-d2cb-bc55-d48c-15dc576c0b0a,VISH-26-03-0630,2026-03-16 23:02:00.000,0.0
913bd3e8-1251-4191-882d-e8ea0cfe6e5b,VH-AC-C34-0003,715031c3-cc29-4ff1-ae30-4ac0fcb63e01,VIST-26-06-00006,2026-06-04 10:32:00.885,50.92169740777778
9377cbcd-3030-473f-9941-519310a1135b,VH-CO-C21-0002,89fb6e9b-199c-475d-afcf-8e705a911f49,VIST-26-06-00093,2026-06-30 04:24:43.585,94.28753249055556
97248d4f-b62a-4315-9915-18dee0224ade,VH-FN-B14-0004,676634f4-5f63-4dd0-a41a-aa84ace516b2,VISH-2026-0035,2026-04-09 09:34:11.754,4.993685203055556
97248d4f-b62a-4315-9915-18dee0224ade,VH-FN-B14-0004,7ec25312-d183-4981-b47a-4c126bd9f97e,VIST-26-06-00052,2026-06-16 05:13:24.828,26.07581426111111
97ff054f-ebe0-4cfe-8f03-dba72342180a,VH-WH-B11-0001,2a30d99f-9ee0-433b-83d4-e4038d28c669,VIST-26-05-00126,2026-05-28 04:52:34.623,49.629506470555555
980ff08f-01bb-4ec8-846e-87474b79285d,VH-ST-C11-0001,72405ca5-e55a-4349-9fdd-ca700389fd6b,VISH-2026-1111,2026-04-18 12:29:51.892,1.0472373172222222
98885f45-4010-403c-8884-8649d4cdd02a,VH-RO-A23-0001,358e878a-d9f2-cb1c-06a6-cbe99a7af07c,VISH-25-03-0579,2025-03-31 02:11:00.000,0.0
98885f45-4010-403c-8884-8649d4cdd02a,VH-RO-A23-0001,0a89b554-b3fb-a037-300d-b6700f9ea741,VISH-26-02-0997,2026-02-27 22:12:00.000,0.0
98885f45-4010-403c-8884-8649d4cdd02a,VH-RO-A23-0001,0f181edc-4747-445a-bbe5-135dba418948,VIST-26-07-00030,2026-07-16 08:12:16.067,85.89016237
98885f45-4010-403c-8884-8649d4cdd02a,VH-RO-A23-0001,9e794fe8-7c9d-4006-b59c-a654afcd2644,VIST-26-07-00038,2026-07-20 09:33:54.691,132.5239839961111
9967095e-fa20-4c7b-8c3f-6bc419b14c46,VH-CO-D12-0003,3c18ed0c-e9be-4828-9078-59cfa6e3179f,VISH-2026-1097,2026-04-16 12:42:17.287,167.93979421
999d799d-ddf8-4e3e-9913-bf8a20411d21,VH-AC-B33-0003,17328753-a5c5-1f60-e28a-9b49fa7d88b5,VISH-26-01-0981,2026-01-29 21:27:00.000,0.0
999d799d-ddf8-4e3e-9913-bf8a20411d21,VH-AC-B33-0003,4f8b2dee-434d-4bea-8392-a77c7e9c5362,VIST-26-06-00048,2026-06-16 05:22:22.220,47.53426975388889
99d778f7-c033-4e7f-b205-35213a9877d6,VH-AC-B44-0003,9fbe6091-0a0b-66fa-3ee8-675bfc9f31f7,VISH-25-03-0514,2025-03-08 17:30:00.000,0.0
99d778f7-c033-4e7f-b205-35213a9877d6,VH-AC-B44-0003,7c76880a-5502-6704-3e46-176b90129218,VISH-25-03-0515,2025-03-12 17:06:00.000,0.0
99d778f7-c033-4e7f-b205-35213a9877d6,VH-AC-B44-0003,bc3bceba-aa02-73f3-4b19-d40f046033ed,VISH-25-05-0516,2025-05-01 13:54:00.000,0.0
99d778f7-c033-4e7f-b205-35213a9877d6,VH-AC-B44-0003,78746781-67e6-6007-e70f-7ba79e45cc51,VISH-25-05-0517,2025-05-01 13:54:00.000,0.0
99d778f7-c033-4e7f-b205-35213a9877d6,VH-AC-B44-0003,0c5337c9-164e-21cf-81f8-202342521e37,VISH-25-05-0518,2025-05-20 15:08:00.000,0.0
99d778f7-c033-4e7f-b205-35213a9877d6,VH-AC-B44-0003,b406781b-bb3d-b4d9-2151-762f561bc3ae,VISH-25-05-0519,2025-05-26 21:56:00.000,0.0
99d778f7-c033-4e7f-b205-35213a9877d6,VH-AC-B44-0003,9351a6f4-4c82-419b-a851-61ee8fd6b403,VIST-26-05-00107,2026-05-22 10:29:08.816,18.87620770972222
99d778f7-c033-4e7f-b205-35213a9877d6,VH-AC-B44-0003,996519c8-a521-4d07-aabf-e0a8c185663c,VIST-26-07-00024,2026-07-13 11:57:17.364,53.3970090475
9a0db726-841c-4e57-aee3-e6a3ce285e7f,VH-BS-C21-0002,cfed9c1c-ee04-4342-958d-a727582d4c36,VIST-26-07-00022,2026-07-11 06:32:59.630,40.86834689833333
9a3018d6-bbfc-4e5c-ac01-173ec34fc8b3,VH-WH-C12-0002,1bafcc2f-7872-4122-a353-d5d40de70cb8,VIST-26-06-00099,2026-07-11 07:53:05.499,333.4816666377778
9a617a18-45e3-4139-8e9b-4babbc1c20eb,VH-AC-A23-0003,95f8cf49-fc82-79cb-a2e0-c4fb2da6992f,VISH-25-05-0584,2025-05-18 21:12:00.000,0.0
9a617a18-45e3-4139-8e9b-4babbc1c20eb,VH-AC-A23-0003,14f23ec9-b24c-6439-37b3-f63e288a2e83,VISH-25-08-0587,2025-08-04 18:22:00.000,0.0
9a617a18-45e3-4139-8e9b-4babbc1c20eb,VH-AC-A23-0003,5cb7e17e-1c68-3dd4-1d87-b0da116c9bff,VISH-26-02-1004,2026-02-13 01:50:00.000,0.0
9a617a18-45e3-4139-8e9b-4babbc1c20eb,VH-AC-A23-0003,ec7dd572-aa06-43eb-8cf4-469684996ac1,VIST-26-06-00016,2026-06-09 06:04:48.155,107.55189738027778
9a617a18-45e3-4139-8e9b-4babbc1c20eb,VH-AC-A23-0003,6fe8eb8d-4e64-4977-8968-772d400d759e,VIST-26-06-00024,2026-06-13 06:38:50.261,142.48121460333334
9c517620-7cbf-45ba-b969-fa3728bf2957,VH-RO-B13-0001,6bc1941f-b4b3-4f5e-8b26-8d0ed2d7ac25,VIST-26-04-00040,2026-06-06 09:15:39.762,1007.7155648827778
9c958763-2d9c-46a4-8f4e-44f491ee63ef,VH-BS-B42-0002,01e761fc-cf80-46dc-99fc-90cec18565a9,VIST-26-05-00127,2026-05-26 08:45:31.031,3.2014156947222223
9d1e311a-cb0a-4ed0-a1a5-54bafa0ca837,VH-FN-A41-0003,ce6db03e-7f9f-4564-73e7-e9d29ff78ab4,VISH-25-08-0047,2025-08-26 20:02:00.000,0.0
9d1e311a-cb0a-4ed0-a1a5-54bafa0ca837,VH-FN-A41-0003,aea3d88b-c517-2783-3d05-48f0546c4c57,VISH-25-09-0048,2025-09-06 09:55:00.000,0.0
9d1e311a-cb0a-4ed0-a1a5-54bafa0ca837,VH-FN-A41-0003,0c08f06f-7a08-3220-ee9c-6522b0b93825,VISH-25-09-0052,2025-09-28 12:30:00.000,0.0
9d1e311a-cb0a-4ed0-a1a5-54bafa0ca837,VH-FN-A41-0003,e81d0e92-c8ae-73c9-50de-586fcc1cbdf3,VISH-25-09-0053,2025-09-28 12:30:00.000,0.0
9d1e311a-cb0a-4ed0-a1a5-54bafa0ca837,VH-FN-A41-0003,2a3327d0-872c-007c-4a67-2a0a9b03c93b,VISH-25-09-0054,2025-09-28 12:30:00.000,0.0
9d1e311a-cb0a-4ed0-a1a5-54bafa0ca837,VH-FN-A41-0003,e61cc2bb-931d-59e6-1e2e-316293ff05e4,VISH-25-09-0055,2025-09-28 12:31:00.000,0.0
9d1e311a-cb0a-4ed0-a1a5-54bafa0ca837,VH-FN-A41-0003,68f2b79b-99a7-fd31-c664-933f4296a50d,VISH-25-11-0062,2025-11-29 12:16:00.000,0.0
9d1e311a-cb0a-4ed0-a1a5-54bafa0ca837,VH-FN-A41-0003,57973195-46ef-4872-a4bc-28f3eab8fd71,VIST-26-04-00006,2026-04-20 12:13:44.104,7.255275505555556
9d1e311a-cb0a-4ed0-a1a5-54bafa0ca837,VH-FN-A41-0003,fe68f9b2-11d4-4da9-8573-21a5fad9d663,VIST-26-04-00014,2026-04-22 07:35:45.998,5.594603300833334
9d364a68-c955-4fe7-8a91-9ed05f2a64a8,VH-AC-B14-0003,f0de0900-6a45-49e5-87a7-f90468c0021f,VISH-2026-1110,2026-04-21 19:35:38.230,84.67199166833332
9d364a68-c955-4fe7-8a91-9ed05f2a64a8,VH-AC-B14-0003,f8701579-a3ae-4b19-abbe-d3c7bd436263,VIST-26-06-00106,2026-07-02 09:02:52.906,75.5444145025
9de4f299-90f7-4a53-a8c5-8000e64f1b8c,VH-AC-D11-0003,ede434ad-c70c-40a2-9485-b640ab90663c,VIST-26-07-00050,2026-07-22 05:38:25.824,135.46720894777778
9de4f299-90f7-4a53-a8c5-8000e64f1b8c,VH-AC-D11-0003,2186bdc7-f92c-4cce-95be-2dc2d768696f,VIST-26-07-00055,2026-07-22 06:38:58.879,81.69637244694444
9e43da1d-fd6f-4da2-bde3-6fb9eb6169f4,VH-IS-B34-0001,736faf3e-7bf6-46af-9b45-541ac5062166,VISH-2026-0012,2026-04-09 12:28:34.975,127.19353166527777
9e532a16-590b-4004-9863-8cc0a6c4844a,VH-FN-B31-0001,e1a9d3c0-7527-430e-bee5-117e4b5c944b,VIST-26-07-00065,2026-07-22 07:01:52.206,24.06870624388889
9e83589c-0310-479c-9453-b3da59f7e07d,VH-WH-C43-0002,230eeb01-de31-420e-bcc1-9eaee856ece8,VIST-26-06-00054,2026-06-16 05:06:38.708,25.450426943611113
9ed56090-544a-4a8e-942c-109b962ba12b,VH-FN-C42-0003,c571eabe-749c-29ef-9207-0956a6800bb5,VISH-25-09-0045,2025-09-23 17:26:00.000,0.0
9ed56090-544a-4a8e-942c-109b962ba12b,VH-FN-C42-0003,3beee66c-b10d-4d92-ad2f-d084d2754066,VIST-26-05-00118,2026-05-25 18:24:19.692,29.722193370555555
a01fdc02-1311-43b4-828c-ae25f1158139,VH-AC-C11-0002,8a38d58b-7f4d-4e91-a87b-017f2c0084a3,VISH-25-12-0766,2025-12-07 16:24:00.000,0.0
a01fdc02-1311-43b4-828c-ae25f1158139,VH-AC-C11-0002,d5031f98-f842-6fdf-1a2c-2c56422aad19,VISH-26-03-0769,2026-03-07 17:50:00.000,0.0
a01fdc02-1311-43b4-828c-ae25f1158139,VH-AC-C11-0002,04e35aca-0eb1-f869-0612-b0f9095d955a,VISH-26-03-0770,2026-03-10 03:11:00.000,0.0
a01fdc02-1311-43b4-828c-ae25f1158139,VH-AC-C11-0002,206f2473-1864-4ba9-ae6a-109ee0fa0150,VIST-26-05-00106,2026-05-22 10:31:17.936,19.30547529027778
a231cb7f-1f73-4c71-b744-141ab46351ac,VH-BS-A23-0001,54316a65-9440-462b-b7db-271a2192364b,VIST-26-06-00008,2026-06-06 04:19:46.314,69.52890646638889
a53f936a-4736-41c6-9315-d946a3c071d0,VH-FN-B24-0001,18132a2d-a10a-9c1c-adfe-d20dbd81998c,VISH-25-02-0243,2025-02-27 13:33:00.000,0.0
a53f936a-4736-41c6-9315-d946a3c071d0,VH-FN-B24-0001,63d1eaff-e400-4032-a823-9494310f2bba,VIST-26-06-00117,2026-06-30 08:13:41.315,4.246103806388889
a5b9df5f-a304-4e71-ae9a-3ffdf56c2ea3,VH-WH-C21-0002,48a7025a-a65f-4b80-914c-984259833370,VIST-26-05-00141,2026-06-02 04:22:15.114,45.4774107875
a70eb2c3-706c-45d7-9af3-c0be7a59c764,VH-FN-B41-0004,df67f97f-b60c-9f57-a4e3-592bd6e49873,VISH-25-05-0429,2025-05-12 13:19:00.000,0.0
a84c1a18-cffc-45bf-b987-a85bdf1a6753,VH-AC-B44-0002,39c0d310-1634-4544-a11f-6e2978cf42c4,VIST-26-07-00084,2026-07-25 10:43:22.735,18.291699907500004
a8fae757-b9cc-4af6-994d-cba3c67bd409,VH-WM-B24-0001,96abc1f1-6f1a-4e36-a35f-b1432c33a3be,VIST-26-06-00033,2026-06-12 05:57:23.489,37.051791333888886
aa6f4ce6-e2ac-44f0-917b-0f04f9a1896f,VH-AC-C41-0002,6309f690-26bb-b9a2-0fcb-bc6b6d679b18,VISH-25-02-0360,2025-02-17 12:58:00.000,0.0
aa6f4ce6-e2ac-44f0-917b-0f04f9a1896f,VH-AC-C41-0002,d4c81ebd-d2f4-430a-df0c-156da4e4af1e,VISH-25-03-0361,2025-03-27 20:29:00.000,0.0
aa6f4ce6-e2ac-44f0-917b-0f04f9a1896f,VH-AC-C41-0002,4d777e0e-07ea-4138-9065-e0405fe2debb,VIST-26-05-00111,2026-05-25 06:47:09.502,65.32850070777778
aa6f4ce6-e2ac-44f0-917b-0f04f9a1896f,VH-AC-C41-0002,6fe04578-66d9-4f36-a50d-df7ac49d7c3e,VIST-26-06-00060,2026-06-22 06:26:15.803,137.19549989972222
aa6f4ce6-e2ac-44f0-917b-0f04f9a1896f,VH-AC-C41-0002,1faa1b2c-b5ba-4cca-8c28-4159fd9ad188,VIST-26-07-00026,2026-07-13 11:52:17.919,48.94509701944445
ab789334-fbcd-43c7-bee0-ff6a046cfaab,VH-FN-C12-0003,f5439bfe-94e3-9824-71c6-0421874bdb74,VISH-25-09-0141,2025-09-20 11:44:00.000,0.0
ab789334-fbcd-43c7-bee0-ff6a046cfaab,VH-FN-C12-0003,e78bc5cf-1343-a638-4a87-8217095ae1d3,VISH-26-03-1030,2026-03-18 22:40:00.000,0.0
ab789334-fbcd-43c7-bee0-ff6a046cfaab,VH-FN-C12-0003,79834947-5612-4e83-9890-f9f95e4e0c0a,VIST-26-05-00028,2026-05-06 07:09:47.835,39.647546518055556
ab789334-fbcd-43c7-bee0-ff6a046cfaab,VH-FN-C12-0003,fc9e112d-5e63-4203-8b16-d7f1d68e10da,VIST-26-05-00067,2026-05-12 04:59:46.837,17.433759943888887
abdc9198-3b1f-4afa-a372-6366b8627999,VH-AC-C31-0004,b9971b18-d458-52fe-ef12-03c3e9b45284,VISH-25-07-0635,2025-07-08 07:12:00.000,0.0
abdc9198-3b1f-4afa-a372-6366b8627999,VH-AC-C31-0004,2043bae8-3194-b27c-ed6c-1f618c179f71,VISH-25-07-0636,2025-07-30 00:07:00.000,0.0
acad55b2-f580-47ec-9ef1-5693687695ce,VH-CO-C24-0003,7ae58cd2-f723-43f4-9507-209bed09b762,VIST-26-06-00084,2026-07-15 14:59:20.951,525.3925555527778
ad75c377-9acf-491b-a138-6bf57009111c,VH-AC-B42-0001,afb8cf37-0927-b4d3-8281-30726617bf6a,VISH-26-03-1055,2026-03-24 12:18:00.000,0.0
ad75c377-9acf-491b-a138-6bf57009111c,VH-AC-B42-0001,298b0b9f-9d4c-4ef2-a37f-7d9e7d35910d,VIST-26-05-00098,2026-06-03 04:39:10.498,356.1913162302778
ad75c377-9acf-491b-a138-6bf57009111c,VH-AC-B42-0001,925b5fb4-9735-4f08-b8bb-e93d33cc14e1,VIST-26-07-00035,2026-07-22 11:20:18.148,210.02638133777776
adb3400d-f02f-4df4-9edb-1ae6e142d858,VH-WM-A41-0001,0fa32228-d1f8-4453-90d2-a0553412b2f1,VIST-26-06-00073,2026-06-22 05:23:06.736,86.36108216777778
adb3400d-f02f-4df4-9edb-1ae6e142d858,VH-WM-A41-0001,f136cc5b-30b5-4357-ad73-b4d6604fc7df,VIST-26-06-00078,2026-07-15 14:52:30.538,605.3182428213889
affc59e1-4e50-4b39-9026-c4adbf601fdb,VH-FN-B14-0002,7fb63f92-3d08-f01c-d3bb-36d5a14e53a1,VISH-26-03-0994,2026-03-05 17:24:00.000,0.0
b057aedf-024a-4f78-bcdf-db0b296060de,VH-CB-D21-0004,74d1e3cf-ee76-4d50-8896-05503b3b9e0f,VISH-2026-0020,2026-04-10 04:20:15.017,74.22860300222223
b07c2e02-3a06-41d1-a98e-33d3bd2c2fb7,VH-WM-B41-0001,a1c5eb64-147d-4345-bcf9-908919babb90,VIST-26-05-00076,2026-05-13 07:06:52.945,17.797549912222223
b07c2e02-3a06-41d1-a98e-33d3bd2c2fb7,VH-WM-B41-0001,131febae-d05e-4205-a572-c63a9cc4a124,VIST-26-06-00022,2026-06-09 06:44:04.145,61.18691111388889
b0bccede-ab77-4d9a-8dc5-2bdcaf8624f4,VH-FN-A23-0003,37b44064-8cea-80be-279a-6cf16d20c97c,VISH-25-03-0578,2025-03-21 21:35:00.000,0.0
b0bccede-ab77-4d9a-8dc5-2bdcaf8624f4,VH-FN-A23-0003,67c6eb85-b7d3-687e-b269-33e78554a2fe,VISH-25-03-0581,2025-03-31 02:14:00.000,0.0
b0bccede-ab77-4d9a-8dc5-2bdcaf8624f4,VH-FN-A23-0003,473cffe2-6679-00f5-c199-450fca59dda6,VISH-25-03-0582,2025-03-31 02:15:00.000,0.0
b0bccede-ab77-4d9a-8dc5-2bdcaf8624f4,VH-FN-A23-0003,43c9bb6f-ada1-4ef5-b08b-2fc02cc53600,VIST-26-07-00031,2026-07-13 11:38:12.018,17.310395546111113
b0d336ac-179e-4a18-b540-685c52821a1f,VH-FN-B41-0003,cfb7fc5d-8ab2-8bd5-49d0-64c8429e447d,VISH-26-02-0910,2026-02-22 12:41:00.000,0.0
b0d336ac-179e-4a18-b540-685c52821a1f,VH-FN-B41-0003,7a34f85d-6bcf-47c5-a0e3-2b6bc3123ff4,VIST-26-06-00085,2026-06-30 04:10:31.399,151.6973103508333
b23f3ed6-3bba-4a28-85bc-ebea924f5eb6,VH-CO-B33-0004,ecfd4173-3aef-4da2-8aa5-f03fe01f639e,VIST-26-06-00014,2026-06-09 05:58:38.955,121.80323375916666
b40ecc8b-216d-40e6-93a8-ca852ecd0b88,VH-AC-B12-0003,981261d4-3c5b-8adc-db69-ae84bcc1dba3,VISH-25-04-0096,2025-04-07 21:08:00.000,0.0
b40ecc8b-216d-40e6-93a8-ca852ecd0b88,VH-AC-B12-0003,1a1395c3-f76b-19bf-1d27-c52cc4711aa6,VISH-25-04-0097,2025-04-07 21:08:00.000,0.0
b40ecc8b-216d-40e6-93a8-ca852ecd0b88,VH-AC-B12-0003,fb51ea4d-9db5-2145-4d51-c0cc488c77cc,VISH-25-06-0101,2025-06-05 18:40:00.000,0.0
b582975d-5d81-492e-8f06-a1e5d3d78fd7,VH-FN-C44-0002,f845bcba-1d96-7e1b-6d6c-8ccbdd3f5a2e,VISH-26-02-0657,2026-02-05 18:18:00.000,0.0
b5edcf4e-54dc-432a-a6bd-f1b36e2e0813,VH-AC-C43-0002,c5f174fc-8408-5c89-b61a-c7f7df2bb9f3,VISH-25-05-0392,2025-05-13 13:03:00.000,0.0
b6584e89-b55e-4e4c-aa98-a34c72f15191,VH-MW-B33-0001,fd2604e2-76a9-40ac-b9cb-34f60454de15,VIST-26-05-00116,2026-06-16 05:31:42.495,552.0893550366667
b7d12596-f392-485c-8766-94f3519ee625,VH-FN-C42-0001,063a131e-3dc4-f0a1-9bda-8a0664bd5e94,VISH-25-03-0340,2025-03-17 10:07:00.000,0.0
b9946d2d-f501-45d7-a5ac-b01a089c7f80,VH-FN-B44-0002,9bd4d358-7776-4a11-a6f5-84023090ca9c,VIST-26-04-00043,2026-04-29 04:43:15.784,89.78810927555556
b9946d2d-f501-45d7-a5ac-b01a089c7f80,VH-FN-B44-0002,a20d3286-8cc7-4f31-84b3-1cb544e2756a,VIST-26-05-00054,2026-05-12 04:41:55.232,61.238864380833334
b9a701c4-e0fd-49c9-aa3a-14ff9e9e30be,VH-FN-C21-0004,596ab94b-6133-1973-ad92-2e948c8fb433,VISH-25-05-0720,2025-05-24 22:22:00.000,0.0
b9a701c4-e0fd-49c9-aa3a-14ff9e9e30be,VH-FN-C21-0004,de3748e9-f438-493b-9322-b16d547efa5c,VIST-26-05-00139,2026-06-04 10:36:56.892,116.29782803694444
bb16fb18-3977-45db-9072-c93a4fbb46c5,VH-AC-B14-0002,3c0f2d94-6e2b-4bdb-9426-6c887f11be91,VIST-26-05-00077,2026-05-13 07:04:56.845,17.041746960277777
bb16fb18-3977-45db-9072-c93a4fbb46c5,VH-AC-B14-0002,1b24e22a-8d8f-4237-80aa-4709478acf52,VIST-26-06-00113,2026-07-02 08:48:42.261,54.20222214611111
bb236be0-2a55-43fa-b798-b41eb5132d2d,VH-AC-B43-0003,d3846174-ddb9-2777-dc63-a9e6bf1aed4c,VISH-26-01-0957,2026-01-27 11:09:00.000,0.0
bb236be0-2a55-43fa-b798-b41eb5132d2d,VH-AC-B43-0003,16712bef-057a-b054-b0df-fad8102616f9,VISH-26-01-0958,2026-01-30 09:13:00.000,0.0
bb236be0-2a55-43fa-b798-b41eb5132d2d,VH-AC-B43-0003,79e3e2e1-77a4-48ba-c2df-77280c9b9a2a,VISH-26-02-0959,2026-02-06 10:04:00.000,0.0
bb236be0-2a55-43fa-b798-b41eb5132d2d,VH-AC-B43-0003,a9ad55bd-fdac-45ed-a18c-868bf93c9793,VIST-26-05-00043,2026-05-09 04:48:08.498,36.793298174444445
bb236be0-2a55-43fa-b798-b41eb5132d2d,VH-AC-B43-0003,8a21f623-e774-4f1e-ab8c-83fbcc18c810,VIST-26-05-00125,2026-05-26 07:28:33.882,15.3698839
bb3a7a45-bed6-408d-a8f5-6bd712253fb4,VH-MA-B31-0004,c43a9fe1-1d1f-415d-8c50-c5fb4f30df08,VISH-2026-0005,2026-04-03 07:00:42.950,1.9834714530555557
bb6e04f9-78bd-4e10-921f-10a2f48b185f,VH-AC-A23-0002,f48d3aa0-e5e8-3cfe-115b-f5106cf97e9f,VISH-26-02-0996,2026-02-06 00:27:00.000,0.0
bc7caf2c-ad7b-403a-9681-01e3c22c291f,VH-AC-B11-0004,3abdc501-c2d0-afab-127c-d3875c9a508f,VISH-26-03-0737,2026-03-14 17:17:00.000,0.0
bc7caf2c-ad7b-403a-9681-01e3c22c291f,VH-AC-B11-0004,3370a9f2-c854-4e94-b39e-d811d2844bbc,VISH-2026-0017,2026-04-07 05:58:44.510,44.553796036111116
bc7caf2c-ad7b-403a-9681-01e3c22c291f,VH-AC-B11-0004,7f5ea07a-701f-4fd0-8473-2918e35dd085,VIST-26-06-00102,2026-07-03 05:21:06.241,110.29562661527777
c0654959-32fc-4506-821e-db502e57e389,VH-BS-C31-0002,984460d4-41c3-4c2d-93ce-47902e5c6391,VIST-26-06-00079,2026-06-22 10:39:43.730,48.597628291111114
c0db2869-f692-4552-a037-2b4b57f03999,VH-WM-B34-0001,bdd973e0-2c3c-4f59-91eb-6b511ab1f88e,VIST-26-04-00048,2026-04-28 07:45:16.817,25.890323424166667
c353442a-902b-4d6c-b7ed-ab113dc2bdc5,VH-RF-D41-0001,e8661742-3adc-4507-9241-bca7836274a8,VIST-26-07-00062,2026-07-22 05:59:34.012,39.84600644361112
c3e4cf3b-765c-4e09-8c22-383bff808a3b,VH-FN-C12-0002,e3d3b08e-1168-24d9-88db-6d8af6ed10da,VISH-25-09-0862,2025-09-05 20:57:00.000,0.0
c44baed9-eb09-45bc-ab4d-eaba9a19d7ff,VH-RO-B43-0001,b2e5ca4c-34ae-4c4d-a445-bc5428ec5062,VISH-2026-1099,2026-04-11 10:58:51.579,28.079393211666666
c6d34ded-032e-40a5-93c1-9762e101bab5,VH-CB-B24-0001,ef1af8f2-6c30-4d1a-bbb3-76b45a1ef0b6,VIST-26-07-00005,2026-07-02 07:16:40.499,13.464043768888889
c6d65f33-8882-4758-a18f-9660657339e8,VH-FN-C41-0002,8d172be0-ab43-cb22-e839-bf58a94564bf,VISH-25-10-0924,2025-10-11 12:07:00.000,0.0
c79df700-6e0b-4d5e-b431-d855a7d266d1,VH-FN-B34-0001,76d61ead-a174-4c32-b826-99c5a6277e1f,VISH-2026-PENDING,2026-04-21 19:36:16.410,66.29428201083333
c79df700-6e0b-4d5e-b431-d855a7d266d1,VH-FN-B34-0001,2c8244de-5eb7-4650-b53e-707875513366,VIST-26-05-00094,2026-05-19 07:19:03.899,14.351666368055556
c79df700-6e0b-4d5e-b431-d855a7d266d1,VH-FN-B34-0001,1a95484c-9172-45a3-b983-a8d8aa409c42,VIST-26-06-00046,2026-06-13 12:05:52.803,18.359137006666668
c7d66935-49df-474a-af4e-5db892413e2e,VH-FN-B33-0003,0a18b8da-f50d-17cf-cfc6-fbf63a5b2cd5,VISH-25-11-0979,2025-11-16 11:22:00.000,0.0
c7d66935-49df-474a-af4e-5db892413e2e,VH-FN-B33-0003,f9b32676-14df-4807-b389-ab327909f7ab,VIST-26-05-00117,2026-05-25 18:22:35.795,36.91753554416667
c7f7b971-19fa-46c7-849d-4c5982a86ff7,VH-FN-B24-0002,8048197e-b83c-45a0-bf10-7a52115667e4,VIST-26-06-00051,2026-06-16 05:18:34.444,43.902836656944444
c9db82aa-39ec-404f-b045-4c140ea217e5,VH-FN-B22-0001,3e142f38-96cd-b474-f8b0-0b9558f99f46,VISH-25-05-0808,2025-05-28 12:30:00.000,0.0
c9db82aa-39ec-404f-b045-4c140ea217e5,VH-FN-B22-0001,6f3095ec-8946-8d2a-b83c-a9d46df0809e,VISH-25-10-0813,2025-10-17 17:26:00.000,0.0
cb1b3f5f-347b-4a3b-adee-1924192848d1,VH-CO-B41-0001,047c1201-ada6-deb9-3a98-cffaed2cbcac,VISH-25-10-0434,2025-10-06 14:03:00.000,0.0
cb8ee2ea-5294-4841-b841-769cb00f5e9a,VH-WH-D41-0002,b78384d6-f204-47ff-9590-9608188a8126,VIST-26-05-00007,2026-05-26 07:26:17.202,578.1350559022222
cb8ee2ea-5294-4841-b841-769cb00f5e9a,VH-WH-D41-0002,659960b4-5804-4736-8e20-c646a5ef5c4b,VIST-26-06-00067,2026-06-19 04:57:07.851,37.9987779
cd778700-b2bf-4051-b6b7-2278bcb1bae2,VH-AC-C34-0001,f113e226-b3c6-4360-9d6d-eaf9928fcd6c,VIST-26-05-00140,2026-06-04 10:35:25.497,114.88177113083333
cd86c5f0-efa9-4bfc-9ecb-7c3230173dcd,VH-AC-C24-0001,72f721e8-8e16-444d-b150-09b3385ae141,VIST-26-07-00085,2026-07-28 09:20:28.749,66.97106672305556
cdaaab49-8984-492d-811b-4fcb93508155,VH-CB-D12-0002,a02e92b4-4619-4b7b-87f5-d1fd8f77c22a,VISH-2026-0027,2026-04-09 12:20:26.340,42.998928488611114
ce9964be-389f-4a84-b81c-ea22ddc62eb4,VH-AC-B24-0002,4505aa76-6647-4ef0-b86d-d332e066828a,VIST-26-06-00032,2026-06-13 12:13:14.740,67.3302856525
d04220d8-e0a3-4377-8096-ae6756f1bef7,VH-WH-C42-0001,6655ddc8-ece3-485d-a194-14d08986ba03,VIST-26-05-00100,2026-06-03 04:37:10.855,338.8611445397222
d0b4578f-a55c-4fce-855e-f5437dce8f0c,VH-CB-D41-0002,a654bf9b-1cb0-4547-a58d-48ada2ec7a05,VIST-26-06-00092,2026-06-30 04:17:19.308,105.45657442305556
d3259d57-da07-4fdb-b45f-18a033ec34ca,VH-IS-B44-0001,3938fc58-441d-46d3-b350-690023ef2634,VIST-26-05-00053,2026-06-02 10:39:21.448,571.2049364680555
d4f2ff34-b56c-4fa6-bdb2-fabb4d39c447,VH-AC-B13-0001,9b4230ca-e197-7b61-ca55-fd9dec1487ee,VISH-25-11-0350,2025-11-26 20:33:00.000,0.0
d4f2ff34-b56c-4fa6-bdb2-fabb4d39c447,VH-AC-B13-0001,c14621d3-04fb-2b28-a9d3-92da337965e1,VISH-25-12-0352,2025-12-07 14:48:00.000,0.0
d4f2ff34-b56c-4fa6-bdb2-fabb4d39c447,VH-AC-B13-0001,45229435-1d2b-cd17-9b38-1c75b7ac682c,VISH-25-12-0353,2025-12-17 03:26:00.000,0.0
d4f2ff34-b56c-4fa6-bdb2-fabb4d39c447,VH-AC-B13-0001,d2d01942-cf89-b5d4-75e4-19bdcca8ef18,VISH-26-01-0356,2026-01-20 03:31:00.000,0.0
d4f2ff34-b56c-4fa6-bdb2-fabb4d39c447,VH-AC-B13-0001,ee7cb224-1299-32b7-23c8-09fb54e4ba5e,VISH-26-02-0357,2026-02-13 13:38:00.000,0.0
d4f2ff34-b56c-4fa6-bdb2-fabb4d39c447,VH-AC-B13-0001,64ee36db-ed0b-4fe8-bbfe-d5aa6e77423f,VIST-26-06-00064,2026-06-18 08:31:19.566,24.203797530555555
d4f2ff34-b56c-4fa6-bdb2-fabb4d39c447,VH-AC-B13-0001,8c965ce1-1fdc-4f92-b919-e5bad7017ebf,VIST-26-06-00061,2026-06-18 08:34:08.142,38.59561984055556
d4f2ff34-b56c-4fa6-bdb2-fabb4d39c447,VH-AC-B13-0001,82050226-2a78-428a-8c04-cca4feae40a3,VIST-26-07-00023,2026-07-16 08:14:37.314,153.332302495
d6b0afc8-bfb7-42fb-8a6f-f026ee1a26e1,VH-AC-B42-0002,2070934b-bd8c-4500-1b23-affc5cf07912,VISH-25-03-0265,2025-03-18 11:17:00.000,0.0
d6b0afc8-bfb7-42fb-8a6f-f026ee1a26e1,VH-AC-B42-0002,a3fbff99-ca37-6bdc-b0e8-710adfef4145,VISH-25-07-0269,2025-07-06 10:50:00.000,0.0
d6b0afc8-bfb7-42fb-8a6f-f026ee1a26e1,VH-AC-B42-0002,6b50bea0-a7ab-e535-3602-269f6ff51a72,VISH-25-10-0276,2025-10-05 10:33:00.000,0.0
d6b0afc8-bfb7-42fb-8a6f-f026ee1a26e1,VH-AC-B42-0002,696afd2a-6b96-4a16-91bd-92de7377802a,VIST-26-05-00091,2026-05-19 07:05:36.759,24.722758885833336
d6b0afc8-bfb7-42fb-8a6f-f026ee1a26e1,VH-AC-B42-0002,698d27f3-fc36-4b88-97b9-bf260b25c5fb,VIST-26-07-00033,2026-07-13 11:36:38.482,3.2462228333333334
d6d1e730-b764-4dfc-aeda-759b7c2ab0a9,VH-AC-B12-0001,281b94ee-eecc-417c-8cf9-25b2cb80a2bc,VIST-26-05-00034,2026-05-06 12:08:17.748,1.3430130113888887
d9a2ce08-6abd-43c3-bbf2-33b0c187a3b5,VH-AC-C31-0003,a0fd9654-eb9e-da53-7b73-6db617b432e2,VISH-26-01-1038,2026-01-31 15:15:00.000,0.0
d9a2ce08-6abd-43c3-bbf2-33b0c187a3b5,VH-AC-C31-0003,53a8bb41-b03a-6d85-efe4-aed7c835660c,VISH-26-03-1039,2026-03-08 19:23:00.000,0.0
d9a2ce08-6abd-43c3-bbf2-33b0c187a3b5,VH-AC-C31-0003,ae693564-6289-cfb1-cead-e6d8e4e9ba2c,VISH-26-03-1041,2026-03-24 22:55:00.000,0.0
d9a2ce08-6abd-43c3-bbf2-33b0c187a3b5,VH-AC-C31-0003,fbb9b65c-9764-4f57-908b-cb419814fd61,VIST-26-05-00022,2026-05-04 10:07:55.533,7.461268569166666
d9a2ce08-6abd-43c3-bbf2-33b0c187a3b5,VH-AC-C31-0003,b09e510e-96ad-4622-8e2b-5fb39c8d213b,VIST-26-05-00115,2026-05-25 18:19:24.990,39.63106969861111
db7f65e5-9fe6-4986-a7ac-37fbdddff609,VH-AC-B22-0002,7ee2fea9-67aa-7357-5ea6-c4ca0aaf7fc1,VISH-25-07-0820,2025-07-16 17:40:00.000,0.0
dc0331d7-c01e-4d7f-b191-15466d6712c9,VH-CO-C21-0004,4dc2e07a-34a8-484e-af81-8347df1d0aef,VISH-2026-0004,2026-04-03 09:58:08.964,5.061248258888889
dc1020be-24a1-4aba-a4bc-ba16db1478b7,VH-FN-D11-0002,1ee62743-770b-5234-e263-41dc6fe2d655,VISH-25-06-0668,2025-06-01 17:15:00.000,0.0
dc1020be-24a1-4aba-a4bc-ba16db1478b7,VH-FN-D11-0002,74c37e82-2a93-41d5-8930-07d0d6ff11ef,VIST-26-07-00060,2026-07-22 05:50:14.893,62.29548625222222
dc1020be-24a1-4aba-a4bc-ba16db1478b7,VH-FN-D11-0002,808da367-8dc0-49dd-b070-e86ed899354d,VIST-26-07-00076,2026-07-24 11:13:50.087,41.13613699194444
dccbf35d-537d-48ac-92d9-d1d792755a15,VH-WH-A23-0003,4178cce0-302c-c26e-34ef-5f46a77abc1a,VISH-25-09-0588,2025-09-04 10:37:00.000,0.0
dccbf35d-537d-48ac-92d9-d1d792755a15,VH-WH-A23-0003,61d72347-fcd7-4363-94c2-e82a2a80912c,VIST-26-06-00009,2026-06-04 10:21:04.758,27.517409376666667
dccbf35d-537d-48ac-92d9-d1d792755a15,VH-WH-A23-0003,30f4d87a-751c-4266-ad46-975889178700,VIST-26-06-00010,2026-06-04 10:25:52.107,27.56040128472222
dd6bc55f-e6a1-41d7-bce7-68bd0d6c57a1,VH-AC-A11-0003,31b72d96-b600-47b9-864d-47d51f9766f0,VISH-2026-000144,2026-06-20 05:39:31.955,22.502806725000003
df1d62da-3735-4274-b898-260ef96db619,VH-FN-A24-0003,819bbb55-e646-56c4-22d2-56e997491ca3,VISH-26-02-0078,2026-02-17 18:16:00.000,0.0
df1d62da-3735-4274-b898-260ef96db619,VH-FN-A24-0003,24b7914b-5e48-2a00-b1ea-b8902ec62020,VISH-26-02-0079,2026-02-17 18:19:00.000,0.0
e023aafd-324b-46e0-9d1c-4185c31eab44,VH-RO-B14-0001,e6339d7a-b25b-431d-b995-64c4abff9132,VIST-26-07-00043,2026-07-16 07:55:53.635,16.09954294111111
e023aafd-324b-46e0-9d1c-4185c31eab44,VH-RO-B14-0001,61640151-5e67-4bdf-854e-05c78cf4a317,VIST-26-07-00042,2026-07-16 07:58:40.117,16.167972732777777
e033fe7f-dc31-46f7-9723-cce3793a1cca,VH-AC-B43-0001,f908e919-590a-1ae4-6f73-1ddc7b017800,VISH-26-02-0781,2026-02-21 08:11:00.000,0.0
e033fe7f-dc31-46f7-9723-cce3793a1cca,VH-AC-B43-0001,87886ad5-efc3-47b9-8ef3-65cef3bd906a,VIST-26-04-00083,2026-06-02 06:34:54.546,780.0528000991667
e046c6d8-397c-4586-8fdf-c88e78da3ec5,VH-CB-B34-0001,59383f60-80a3-45ae-8e89-537056666a9a,VISH-2026-0013,2026-04-04 11:42:27.482,6.409548903611111
e1ee1927-859c-44fb-beee-1211b3c1828a,VH-RO-C34-0001,a919aa54-ea64-4420-a732-20ffe4a13f83,VIST-26-07-00011,2026-07-11 07:23:02.586,166.13808107749998
e5a1f770-e368-43c8-a5f8-ea8b0a342ded,VH-RO-C11-0001,3714a311-a5b5-46ed-9868-1b383c55906d,VISH-2026-0025,2026-04-10 04:22:56.140,62.277858931666664
e5a1f770-e368-43c8-a5f8-ea8b0a342ded,VH-RO-C11-0001,e2f11fa3-0123-4cab-a9e4-46d077572c09,VIST-26-07-00007,2026-07-02 07:12:32.746,2.847509455
e9b3ee0b-2542-4494-bbec-af30b46f14d4,VH-FN-B44-0003,9863f959-61f4-677e-1720-a0c5cbe621d5,VISH-25-11-0524,2025-11-25 14:04:00.000,0.0
ea9ed2e7-fd3d-460a-8927-dc4f167fa2c7,VH-WM-A24-0001,52ec5ab0-c642-4dbb-af9f-e9065cf605f6,VIST-26-07-00029,2026-07-13 11:42:27.492,18.250603906944445
ef9a41c0-4e35-474e-ab7b-3ca0833228c2,VH-FN-B14-0003,32dfcd89-4de1-4165-bbc4-a648bc99f9f5,VIST-26-06-00036,2026-06-12 05:30:02.736,23.139576797777778
ef9a41c0-4e35-474e-ab7b-3ca0833228c2,VH-FN-B14-0003,49b3a5c8-bea6-4e84-afdb-52c0b6f5cc67,VIST-26-06-00034,2026-06-12 05:59:14.916,26.878011403333335
f15d0ff8-209b-4934-92c8-1900afec3fa5,VH-FN-A24-0001,b78672bf-3a6d-43b0-a988-51a5ab493f3e,VISH-2026-0029,2026-04-09 12:21:04.293,28.790066973055552
f1b25cdd-e630-44ef-a054-2f57d7add09c,VH-AC-A44-0001,71d77401-e8a7-e5a5-7d79-d5e087e26af8,VISH-25-04-0437,2025-04-06 22:33:00.000,0.0
f1d60ec1-4a13-41fa-8c6b-945fd688704c,VH-MA-C12-0005,e61d2cb9-3140-4ef0-b62a-d73a1c750756,VIST-26-05-00075,2026-05-22 10:37:03.060,239.1855512852778
f1f8b383-aa8d-4f9d-b51d-b4e8816bf9db,VH-FN-B12-0002,dc6209b1-1df4-0207-754d-0d66d1a873d7,VISH-25-03-0164,2025-03-17 05:41:00.000,0.0
f244be1f-e77c-424a-a9b4-f13e3b9c63a3,VH-WM-D41-0001,3145b7a3-f9b8-4b69-be75-cf0d3ead40f9,VISH-2026-1109,2026-04-18 12:30:06.000,20.826283832777776
f2d29075-ee7d-4af7-afd3-3f1d7775d2e6,VH-CB-B12-0001,96ac38f2-88f0-4bad-b91f-7e63474cbd8a,VIST-26-05-00092,2026-05-19 07:12:10.366,14.255819680833334
f43c6f19-35a1-4330-9869-01dc2d4d62ef,VH-BS-C12-0002,49b58c99-5f2f-43ea-aa8e-87a305d018af,VIST-26-05-00131,2026-05-28 04:50:01.977,20.34122334527778
f52710af-1fbb-4cf8-b113-084ced145f7d,VH-FN-C11-0003,e3cf4f01-f971-d717-ecbb-142e0961de9b,VISH-26-01-0739,2026-01-31 11:52:00.000,0.0
f866875c-8a32-49d0-b600-259b7d35c158,VH-CB-C42-0002,35df53c4-12a2-4134-a0ae-df8575e49a09,VIST-26-05-00083,2026-05-19 07:26:41.887,48.371321744722216
fd1af9e3-4206-4c49-83bb-d64ddf1b56d1,VH-AC-C41-0001,344ec81c-a19d-f1ba-2d2c-d46f4f39d112,VISH-25-02-0782,2025-02-17 12:45:00.000,0.0
fd1af9e3-4206-4c49-83bb-d64ddf1b56d1,VH-AC-C41-0001,35ac2c8f-988c-90b1-5729-8f4566f100a0,VISH-25-02-0783,2025-02-17 12:45:00.000,0.0
fd1af9e3-4206-4c49-83bb-d64ddf1b56d1,VH-AC-C41-0001,a6465f30-4e23-1183-f2f8-cbd8dea48580,VISH-25-02-0784,2025-02-17 12:45:00.000,0.0
fd1af9e3-4206-4c49-83bb-d64ddf1b56d1,VH-AC-C41-0001,a383137c-f83c-7d32-8f2a-1d6246aef0b4,VISH-25-02-0785,2025-02-17 12:45:00.000,0.0
fd1af9e3-4206-4c49-83bb-d64ddf1b56d1,VH-AC-C41-0001,c5b6fd56-e039-ca62-4bec-520fc7d77711,VISH-25-02-0786,2025-02-17 12:45:00.000,0.0
fd1af9e3-4206-4c49-83bb-d64ddf1b56d1,VH-AC-C41-0001,ac7b87fb-080f-3d17-374a-de3792479957,VISH-25-02-0787,2025-02-17 12:45:00.000,0.0
fd1af9e3-4206-4c49-83bb-d64ddf1b56d1,VH-AC-C41-0001,13699593-fbb1-e74b-77c9-660cdd786638,VISH-25-02-0788,2025-02-17 12:45:00.000,0.0
fd1af9e3-4206-4c49-83bb-d64ddf1b56d1,VH-AC-C41-0001,b1ff846d-9f93-3dff-cb1f-d10d78e7e83d,VISH-25-02-0789,2025-02-17 12:45:00.000,0.0
fd1af9e3-4206-4c49-83bb-d64ddf1b56d1,VH-AC-C41-0001,479bf1e8-673a-9c3c-b20b-a6ae40009f7e,VISH-25-02-0790,2025-02-17 12:45:00.000,0.0
fd1af9e3-4206-4c49-83bb-d64ddf1b56d1,VH-AC-C41-0001,d28fd200-2ceb-bb5e-679f-1c84be768244,VISH-25-02-0791,2025-02-17 12:45:00.000,0.0
fd1af9e3-4206-4c49-83bb-d64ddf1b56d1,VH-AC-C41-0001,a7c25386-9046-33f2-3b31-16e37462818e,VISH-25-02-0792,2025-02-17 12:45:00.000,0.0
fd1af9e3-4206-4c49-83bb-d64ddf1b56d1,VH-AC-C41-0001,88028ce4-c61f-5200-612b-5cebe1986654,VISH-25-02-0793,2025-02-17 12:45:00.000,0.0
fd1af9e3-4206-4c49-83bb-d64ddf1b56d1,VH-AC-C41-0001,90df6aab-bc25-f8e2-7bb4-cb2572293795,VISH-25-02-0794,2025-02-17 12:45:00.000,0.0
fd1af9e3-4206-4c49-83bb-d64ddf1b56d1,VH-AC-C41-0001,499ff5a8-1b16-d883-faad-bda99684bd94,VISH-25-07-0797,2025-07-02 18:26:00.000,0.0
