asset_id,asset_type,purchase_date,asset_age_days,total_tickets,distinct_issue_types,repeat_issue_count,max_same_issue_repeats,avg_resolution_hours,median_resolution_hours,costed_ticket_count,total_cost,avg_cost,expected_cost_gap,last_ticket_date,tickets_per_month,mapping_confidence_summary
fd1af9e3-4206-4c49-83bb-d64ddf1b56d1,Air Conditioner,,,14,1,13,14,,,0,0.0,,,,14.0,High:14
572c3a43-35ae-48cc-941e-77484386f1bd,Air Conditioner,,,10,1,9,10,3.84,3.84,0,0.0,,,2026-07-18 07:24:06.651392,10.0,High:9|Verified:1
99d778f7-c033-4e7f-b205-35213a9877d6,Air Conditioner,,,9,2,7,8,36.14,36.14,0,0.0,,,2026-07-11 06:33:28.131429,2.854,High:6|Verified:3
9d1e311a-cb0a-4ed0-a1a5-54bafa0ca837,Fan,,,9,1,8,9,6.42,6.42,0,0.0,,,2026-04-22 02:00:05.426117,9.0,High:9
71701352-6d07-4b20-b6f7-7b70117dd5a3,Air Conditioner,,,8,1,7,8,5.15,5.15,0,0.0,,,2026-07-18 06:03:00.920808,8.0,High:7|Verified:1
d4f2ff34-b56c-4fa6-bdb2-fabb4d39c447,Air Conditioner,,,8,1,7,8,72.04,38.6,0,0.0,,,2026-07-09 22:54:41.025018,8.0,High:5|Verified:3
1f66dc02-27aa-4363-bd97-2df70371ebb0,Air Conditioner,,,7,1,6,7,174.69,137.85,0,0.0,,,2026-07-01 08:43:15.937928,3.228,High:4|Verified:3
58cb2e24-2d02-4c94-acad-fe4c2afaa878,Fan,,,6,1,5,6,,,0,0.0,,,,6.0,High:6
d9a2ce08-6abd-43c3-bbf2-33b0c187a3b5,Air Conditioner,,,6,1,5,6,23.55,23.55,0,0.0,,,2026-05-24 02:41:33.139085,6.0,High:4|Verified:2
40273ebc-52da-4130-82f8-a28b466d4adc,Air Conditioner,,,5,1,4,5,190.77,19.78,0,0.0,,,2026-05-27 14:34:11.333624,5.0,Verified:3|High:2
0e9127c1-dd69-4c46-9126-a605af00881c,Fan,,,5,1,4,5,1204.07,1204.07,0,0.0,,,2026-06-08 06:35:24.827841,5.0,High:4|Verified:1
3efce5d2-b6c1-424a-9491-52000cca55c5,Air Conditioner,,,5,1,4,5,36.66,43.24,0,0.0,,,2026-07-11 08:06:46.957208,3.238,Verified:3|High:2
d6b0afc8-bfb7-42fb-8a6f-f026ee1a26e1,Air Conditioner,,,5,1,4,5,13.98,13.98,0,0.0,,,2026-07-13 08:21:52.079800,2.718,High:3|Verified:2
aa6f4ce6-e2ac-44f0-917b-0f04f9a1896f,Air Conditioner,,,5,1,4,5,83.82,65.33,0,0.0,,,2026-07-11 10:55:35.569730,3.106,Verified:3|High:2
9a617a18-45e3-4139-8e9b-4babbc1c20eb,Air Conditioner,,,5,1,4,5,125.02,125.02,0,0.0,,,2026-06-07 08:09:57.888428,5.0,High:3|Verified:2
bb236be0-2a55-43fa-b798-b41eb5132d2d,Air Conditioner,,,5,1,4,5,26.08,26.08,0,0.0,,,2026-05-25 16:06:22.299960,5.0,High:4|Verified:1
5113f32c-70bb-4e71-9b7f-f7160c4ecb3e,Air Conditioner,,,5,1,4,5,177.25,146.33,0,0.0,,,2026-06-30 19:19:46.863863,5.0,Verified:5
1fac099b-4e9f-4260-bfa2-9ecdd23b97fb,RO Water Purifier,2023-08-30,1071.0,5,1,4,5,23.48,27.41,1,1180.0,1180.0,880.0,2026-06-18 06:35:12.399770,5.0,Verified:5
13d9d678-a406-41b2-853d-8628a9ce5b31,Air Conditioner,,,5,1,4,5,213.46,213.46,0,0.0,,,2026-07-01 08:21:43.283710,5.0,High:3|Verified:2
3466151e-b985-4928-a03b-037084dcf9ae,Fan,,,4,1,3,4,22.11,22.11,0,0.0,,,2026-05-24 15:10:59.479407,2.647,High:2|Verified:2
1ac33845-439e-4379-ba39-8f2c952e8873,Air Conditioner,,,4,1,3,4,19.4,19.4,0,0.0,,,2026-05-21 15:10:30.107053,4.0,High:3|Verified:1
38024f17-c961-4963-a0ed-d681e192a3f6,Air Conditioner,,,4,1,3,4,,,0,0.0,,,2026-07-20 09:29:51.350247,4.0,High:3|Verified:1
3f41cc65-e037-4c1e-863a-cc49813984d6,Air Conditioner,,,4,1,3,4,,,0,0.0,,,,4.0,High:4
03f8aa98-9864-42fd-921e-06eddab47e98,Air Conditioner,,,4,1,3,4,338.86,338.86,0,0.0,,,2026-07-09 11:13:06.143415,1.623,High:2|Verified:2
ab789334-fbcd-43c7-bee0-ff6a046cfaab,Fan,,,4,1,3,4,28.54,28.54,0,0.0,,,2026-05-11 11:33:45.301202,4.0,High:4
98885f45-4010-403c-8884-8649d4cdd02a,RO Water Purifier,2023-03-30,1224.0,4,1,3,4,109.21,109.21,1,3400.0,3400.0,3100.0,2026-07-14 21:02:28.348614,4.0,Verified:4
b0bccede-ab77-4d9a-8dc5-2bdcaf8624f4,Fan,,,4,1,3,4,17.31,17.31,0,0.0,,,2026-07-12 18:19:34.594034,4.0,High:3|Verified:1
a01fdc02-1311-43b4-828c-ae25f1158139,Air Conditioner,,,4,1,3,4,19.31,19.31,0,0.0,,,2026-05-21 15:12:58.224955,4.0,High:3|Verified:1
0861776d-2243-4e50-815b-7d79e5acdd51,Air Conditioner,,,4,1,3,4,23.45,23.45,0,0.0,,,2026-04-02 10:09:35.167950,4.0,High:3|Verified:1
14d27fc6-b43f-420e-9cc7-29bec3989775,Fan,,,4,1,3,4,14.62,5.4,1,1120.0,1120.0,820.0,2026-07-22 06:38:08.350352,4.0,Verified:3|High:1
690f675a-c094-4d91-98ac-96d339f5ef64,Air Conditioner,,,3,1,2,3,,,0,0.0,,,,3.0,High:3
3cd43d6f-933d-4917-9b7d-296ae90d9d4f,Fan,,,3,1,2,3,40.22,40.22,0,0.0,,,2026-06-24 08:26:20.119803,2.468,Verified:2|High:1
6b3439e1-ce82-479e-9781-e9a2b893b664,Water Heater,,,3,2,1,2,35.18,24.78,0,0.0,,,2026-07-08 10:47:17.299538,3.0,Verified:3
87f1cde5-cc89-4a84-83a1-d3f92094f0f8,Washing Machine,,,3,1,2,3,56.0,41.05,0,0.0,,,2026-06-28 15:43:24.784149,3.0,Verified:3
bc7caf2c-ad7b-403a-9681-01e3c22c291f,Air Conditioner,,,3,1,2,3,77.42,77.42,0,0.0,,,2026-06-28 15:03:21.985185,1.087,Verified:2|High:1
c79df700-6e0b-4d5e-b431-d855a7d266d1,Fan,,,3,1,2,3,33.0,18.36,0,0.0,,,2026-06-12 17:44:19.909776,1.691,Verified:3
dccbf35d-537d-48ac-92d9-d1d792755a15,Water Heater,,,3,2,1,2,27.54,27.54,0,0.0,,,2026-06-03 06:52:14.662375,3.0,Verified:3
ad75c377-9acf-491b-a138-6bf57009111c,Air Conditioner,,,3,1,2,3,283.11,283.11,0,0.0,,,2026-07-13 17:18:43.175184,1.66,Verified:2|High:1
7a8faef7-aab4-43c5-bf03-b4a1561577db,Fan,,,3,1,2,3,,,0,0.0,,,,3.0,High:3
b40ecc8b-216d-40e6-93a8-ca852ecd0b88,Air Conditioner,,,3,1,2,3,,,0,0.0,,,,3.0,High:3
471a77c8-6159-471b-a7b3-910527eb1e9c,Air Conditioner,,,3,1,2,3,,,0,0.0,,,2026-07-23 07:56:05.618471,3.0,High:2|Verified:1
61507e8e-6567-48b7-b838-3e16c2397da7,Air Conditioner,,,3,1,2,3,1152.63,1152.63,0,0.0,,,2026-04-22 05:17:16.579605,3.0,High:2|Verified:1
3005c67a-dd3b-4a53-a457-4b155602758d,Fan,,,3,2,1,2,112.74,112.74,0,0.0,,,2026-05-29 13:25:00.927149,3.0,High:2|Verified:1
1ecc31a0-bd06-47cd-97d6-08a6fc66b684,Air Conditioner,,,3,2,1,2,462.3,462.3,0,0.0,,,2026-06-28 00:22:09.718234,1.602,Verified:3
60e6badc-68a9-4456-b05b-c745c0e14502,Air Conditioner,,,3,1,2,3,137.69,137.69,0,0.0,,,2026-07-06 15:47:31.544659,2.609,Verified:2|High:1
147c451f-29c0-4333-a9e7-a73d1cdb9a1b,Air Conditioner,,,3,1,2,3,22.85,22.85,0,0.0,,,2026-05-14 12:00:43.026934,3.0,High:2|Verified:1
dc1020be-24a1-4aba-a4bc-ba16db1478b7,Fan,,,3,1,2,3,51.72,51.72,0,0.0,,,2026-07-22 18:05:39.993829,3.0,Verified:2|High:1
625b07e7-083b-4c9d-b00b-203844544ea3,Air Conditioner,,,2,1,1,2,,,0,0.0,,,,2.0,High:2
1d636b41-0f27-48db-b70c-63414832c405,Cupboard,,,2,2,0,1,35.5,35.5,0,0.0,,,2026-06-19 14:59:38.194538,1.015,Verified:2
19232b9f-c4c0-41b7-a655-830705dd9c3b,Air Conditioner,,,2,1,1,2,,,0,0.0,,,,2.0,High:2
2bbe28a7-9d1b-4ef1-b24c-9b2efd828a68,Cupboard,,,2,2,0,1,104.21,104.21,1,270.0,270.0,-130.0,2026-07-28 14:17:38.817531,2.0,Verified:2
23613fa4-ac57-4a26-9de3-658c3f2c4b4d,Fan,,,2,1,1,2,,,0,0.0,,,,2.0,High:2
00b7fd23-69e7-46fd-82ef-ca35a3f56394,Air Conditioner,,,2,1,1,2,60.16,60.16,0,0.0,,,2026-06-30 17:06:54.514842,2.0,High:1|Verified:1
78771496-d60c-4fe0-b6bd-cd95b52e12dd,Fan,,,2,1,1,2,,,0,0.0,,,,2.0,High:2
797e7972-72a1-4785-895a-38ea0e45a330,Fan,,,2,1,1,2,15.33,15.33,0,0.0,,,2026-05-25 02:08:41.595235,2.0,Verified:2
97248d4f-b62a-4315-9915-18dee0224ade,Fan,,,2,1,1,2,15.53,15.53,0,0.0,,,2026-06-15 03:08:51.896660,0.922,Verified:2
892dee30-f709-4a03-84bf-21b682baa295,Cupboard,,,2,2,0,1,59.6,59.6,0,0.0,,,2026-06-05 11:33:16.718256,1.323,Verified:2
9ed56090-544a-4a8e-942c-109b962ba12b,Fan,,,2,1,1,2,29.72,29.72,0,0.0,,,2026-05-24 12:40:59.795866,2.0,High:1|Verified:1
a53f936a-4736-41c6-9315-d946a3c071d0,Fan,,,2,1,1,2,4.25,4.25,0,0.0,,,2026-06-30 03:58:55.341297,2.0,High:1|Verified:1
9d364a68-c955-4fe7-8a91-9ed05f2a64a8,Air Conditioner,,,2,1,1,2,80.11,80.11,0,0.0,,,2026-06-29 05:30:13.013791,0.857,Verified:2
b07c2e02-3a06-41d1-a98e-33d3bd2c2fb7,Washing Machine,,,2,1,1,2,39.49,39.49,0,0.0,,,2026-06-06 17:32:51.264990,2.0,Verified:2
b0d336ac-179e-4a18-b540-685c52821a1f,Fan,,,2,1,1,2,151.7,151.7,0,0.0,,,2026-06-23 20:28:41.081737,2.0,High:1|Verified:1
adb3400d-f02f-4df4-9edb-1ae6e142d858,Washing Machine,,,2,1,1,2,345.84,345.84,0,0.0,,,2026-06-20 09:33:24.863843,2.0,Verified:2
9de4f299-90f7-4a53-a8c5-8000e64f1b8c,Air Conditioner,,,2,1,1,2,108.58,108.58,1,2500.0,2500.0,1850.0,2026-07-18 20:57:11.938191,2.0,Verified:2
69cb270b-e8f3-410e-9142-2752016b44f9,Fan,,,2,1,1,2,46.05,46.05,0,0.0,,,2026-06-03 06:53:35.008441,2.0,High:1|Verified:1
6cb27459-de3c-427e-911e-71b60fc9a10c,RO Water Purifier,,,2,1,1,2,65.1,65.1,0,0.0,,,2026-06-20 10:05:14.188519,2.0,Verified:2
63478105-cb45-42c7-a539-896abd5618d4,Fan,,,2,1,1,2,,,0,0.0,,,,2.0,High:2
4bca902d-8716-446e-b3b2-e01da0999fba,Air Conditioner,,,2,1,1,2,16.34,16.34,0,0.0,,,2026-07-31 06:17:18.157811,0.87,Verified:2
656467e0-85ba-45b6-ac40-6fa5e71d0af6,Cupboard,,,2,2,0,1,15.12,15.12,0,0.0,,,2026-04-08 10:55:43.484161,2.0,Verified:2
41b29390-ba7f-498b-accf-cf2f33a2d333,Water Heater,,,2,2,0,1,28.09,28.09,0,0.0,,,2026-06-17 16:41:16.732437,2.0,Verified:2
e033fe7f-dc31-46f7-9723-cce3793a1cca,Air Conditioner,,,2,1,1,2,780.05,780.05,0,0.0,,,2026-04-30 18:31:44.465643,2.0,High:1|Verified:1
e023aafd-324b-46e0-9d1c-4185c31eab44,RO Water Purifier,,,2,1,1,2,16.13,16.13,0,0.0,,,2026-07-15 15:49:55.280412,2.0,Verified:2
e5a1f770-e368-43c8-a5f8-ea8b0a342ded,RO Water Purifier,2025-04-06,486.0,2,1,1,2,32.56,32.56,1,2500.0,2500.0,2200.0,2026-07-02 04:21:41.711962,0.716,Verified:2
ef9a41c0-4e35-474e-ab7b-3ca0833228c2,Fan,,,2,1,1,2,25.01,25.01,0,0.0,,,2026-06-11 06:21:40.259528,2.0,Verified:2
df1d62da-3735-4274-b898-260ef96db619,Fan,,,2,1,1,2,,,0,0.0,,,,2.0,High:1|Verified:1
999d799d-ddf8-4e3e-9913-bf8a20411d21,Air Conditioner,,,2,1,1,2,47.53,47.53,0,0.0,,,2026-06-14 05:50:18.848886,2.0,High:1|Verified:1
8f5d7ba9-389f-4c66-9724-0e54abeb3076,Air Conditioner,,,2,1,1,2,,,0,0.0,,,2026-07-28 11:32:39.349589,2.0,High:1|Verified:1
abdc9198-3b1f-4afa-a372-6366b8627999,Air Conditioner,,,2,1,1,2,,,0,0.0,,,,2.0,High:2
cb8ee2ea-5294-4841-b841-769cb00f5e9a,Water Heater,,,2,2,0,1,308.07,308.07,0,0.0,,,2026-06-17 14:57:12.250560,1.323,Verified:2
c9db82aa-39ec-404f-b045-4c140ea217e5,Fan,,,2,1,1,2,,,0,0.0,,,,2.0,High:2
b9a701c4-e0fd-49c9-aa3a-14ff9e9e30be,Fan,,,2,1,1,2,116.3,116.3,0,0.0,,,2026-05-30 14:19:04.711067,2.0,High:1|Verified:1
bb16fb18-3977-45db-9072-c93a4fbb46c5,Air Conditioner,,,2,1,1,2,35.62,35.62,0,0.0,,,2026-06-30 02:36:34.261274,1.268,Verified:1|High:1
b9946d2d-f501-45d7-a5ac-b01a089c7f80,Fan,,,2,1,1,2,75.51,75.51,0,0.0,,,2026-05-09 15:27:35.320229,2.0,Verified:1|High:1
c7d66935-49df-474a-af4e-5db892413e2e,Fan,,,2,1,1,2,36.92,36.92,0,0.0,,,2026-05-24 05:27:32.667041,2.0,High:1|Verified:1
b6584e89-b55e-4e4c-aa98-a34c72f15191,Microwave Oven,,,2,1,1,2,552.09,552.09,0,0.0,,,2026-06-14 05:50:45.701233,2.0,Verified:2
317172ac-c2bb-40a2-bf74-b4770912b83a,Cupboard,,,2,2,0,1,141.44,141.44,0,0.0,,,2026-07-25 18:17:50.216074,1.05,Verified:2
45cf3ce8-48d0-4b37-b975-1b26af059c69,Fan,,,2,1,1,2,18.56,18.56,0,0.0,,,2026-06-12 17:33:51.414600,2.0,Verified:2
015a5afe-f096-4f3f-a41a-734a4743aa19,Air Conditioner,,,2,1,1,2,393.0,393.0,0,0.0,,,2026-06-29 17:25:16.924063,1.032,Verified:2
1d23efda-47c5-4f25-a9a9-fb25f27f1555,Air Conditioner,,,2,1,1,2,0.59,0.59,0,0.0,,,2026-04-10 07:30:30.060629,2.0,High:1|Verified:1
30d9dbfc-a9d3-49fb-bc99-c78196773658,Fan,,,2,1,1,2,0.46,0.46,0,0.0,,,2026-06-15 08:09:20.584146,2.0,High:1|Verified:1
35ec240d-87ee-4bcc-b912-3116c4209142,Air Conditioner,,,2,1,1,2,81.4,81.4,0,0.0,,,2026-04-25 10:27:17.030860,2.0,Verified:1|High:1
258d48fb-9fcd-4500-8724-3d5f900e042a,Cupboard,,,2,1,1,2,1.01,1.01,0,0.0,,,2026-04-03 09:37:00.009816,2.0,Verified:1|High:1
3490481c-e2d1-4cab-9a33-2c6a2dcfa6ee,Bedside Table,,,1,1,0,1,,,0,0.0,,,2026-07-12 05:11:01.489372,1.0,Verified:1
24eb48f0-199e-4932-9b67-5ec3dd853112,Mattress,,,1,1,0,1,15.62,15.62,0,0.0,,,2026-07-21 17:55:27.014886,1.0,Verified:1
1b6c25dd-0b0e-42c8-bcbe-4db643f93f0c,Air Conditioner,,,1,1,0,1,,,0,0.0,,,,1.0,High:1
1b18f88c-8f4c-45c1-bf3d-4952c8a321b7,Cot (Bed Frame),,,1,1,0,1,58.03,58.03,0,0.0,,,2026-04-23 04:03:15.407263,1.0,Verified:1
1b082c2f-dcc3-45a2-ba43-3308caf04844,Cot (Bed Frame),,,1,1,0,1,38.17,38.17,0,0.0,,,2026-04-13 16:07:56.799775,1.0,Verified:1
196155a4-0a58-41ee-a6d9-d66ad917c414,Water Heater,,,1,1,0,1,139.39,139.39,0,0.0,,,2026-07-05 11:51:31.710110,1.0,Verified:1
1ed7ea1e-919f-4189-ac1c-92fbcc60760a,Cupboard,,,1,1,0,1,3.87,3.87,0,0.0,,,2026-04-16 08:51:31.218197,1.0,Verified:1
1f2db2a4-13ef-405c-970f-d5f7838c73fa,Water Heater,,,1,1,0,1,1972.5,1972.5,0,0.0,,,2026-04-08 07:46:02.279331,1.0,Verified:1
2135b780-5345-406d-ae31-fd3cd1c49650,RO Water Purifier,2025-02-02,549.0,1,1,0,1,178.69,178.69,0,0.0,,,2026-06-25 18:45:41.744645,1.0,Verified:1
1c2b1ca8-c7d4-4c53-94c8-62837e542238,Fan,,,1,1,0,1,,,0,0.0,,,,1.0,High:1
3415582a-1981-4e36-9a42-e1fb2f44736a,Fan,,,1,1,0,1,32.25,32.25,0,0.0,,,2026-06-12 04:01:33.898957,1.0,Verified:1
326a9803-4ecf-4a90-9ad6-dc039042ff6c,Water Heater,,,1,1,0,1,39.9,39.9,0,0.0,,,2026-05-20 13:51:15.996733,1.0,Verified:1
32c898f1-bb0e-4759-ae8b-a79021d7b7e1,Air Conditioner,,,1,1,0,1,,,0,0.0,,,,1.0,High:1
2b2f6325-f71e-4739-ae56-b3f912714978,Water Heater,,,1,1,0,1,41.91,41.91,0,0.0,,,2026-05-20 11:52:41.408234,1.0,Verified:1
2920e94a-8321-4019-8aac-1ead84f7559e,Water Heater,,,1,1,0,1,881.28,881.28,0,0.0,,,2026-04-19 14:25:54.679794,1.0,Verified:1
2ba744f4-1d9d-416a-b710-0883dd5d63fa,Washing Machine,,,1,1,0,1,59.55,59.55,0,0.0,,,2026-06-09 18:04:14.288160,1.0,Verified:1
2cbc8c56-879e-418c-84f7-cc6c53598d18,Bedside Table,,,1,1,0,1,385.97,385.97,0,0.0,,,2026-06-27 10:22:46.271822,1.0,Verified:1
05a93b2d-a6c7-4640-93af-6fd19b12c0a2,Induction Stove,2025-05-05,457.0,1,1,0,1,382.03,382.03,1,1948.0,1948.0,1648.0,2026-05-10 09:59:12.454315,1.0,Verified:1
06fd6cbb-8d35-400c-8659-aaa0eea17971,Air Conditioner,,,1,1,0,1,436.68,436.68,0,0.0,,,2026-06-27 10:21:26.305612,1.0,Verified:1
18de1186-ae6c-4ce6-a4b2-4c26de696f57,Cupboard,,,1,1,0,1,137.85,137.85,0,0.0,,,2026-05-28 10:37:20.548140,1.0,Verified:1
137edf51-8c3c-42ba-8ee2-fa5b316f6e55,Air Conditioner,,,1,1,0,1,852.78,852.78,0,0.0,,,2026-04-16 17:08:41.471653,1.0,Verified:1
13b5d459-2df0-473b-adc7-cd2cd7dc01db,Cupboard,,,1,1,0,1,,,0,0.0,,,2026-07-23 03:41:57.676083,1.0,Verified:1
16a9c5c4-e252-4489-9365-7260adc68a58,Bedside Table,,,1,1,0,1,582.17,582.17,0,0.0,,,2026-05-02 02:42:26.732396,1.0,Verified:1
15055f35-2f83-4054-97be-d4a5ebe1f0c4,Cot (Bed Frame),,,1,1,0,1,341.86,341.86,0,0.0,,,2026-04-07 13:39:43.076881,1.0,Verified:1
0dcfad8a-af37-4c71-8097-1d78e2f17a6f,RO Water Purifier,,,1,1,0,1,18.53,18.53,0,0.0,,,2026-04-06 13:45:11.147679,1.0,Verified:1
77767257-fb83-446b-a520-e59bef8e1d49,Air Conditioner,,,1,1,0,1,146.11,146.11,0,0.0,,,2026-07-22 07:24:27.467759,1.0,Verified:1
763d357a-c096-4573-bc9f-22c615990521,Cupboard,,,1,1,0,1,26.89,26.89,0,0.0,,,2026-06-12 04:03:25.003711,1.0,Verified:1
75d01f7c-1d6c-4526-89a9-cd60de1a0a72,Fan,,,1,1,0,1,15.29,15.29,0,0.0,,,2026-05-18 17:00:29.645296,1.0,Verified:1
749517a3-bc94-4092-94b6-48c55df52b27,Washing Machine,,,1,1,0,1,19.03,19.03,0,0.0,,,2026-06-29 13:36:34.121105,1.0,Verified:1
6eb2d076-e348-4bfc-856d-86723e94ab90,Fan,,,1,1,0,1,,,0,0.0,,,,1.0,High:1
6e9f681a-1292-4cec-95d5-80c22a076e15,Fan,,,1,1,0,1,,,0,0.0,,,2026-07-30 17:01:08.357616,1.0,Verified:1
6d6df3d5-fc6b-417d-bdba-9b0ef9c1425c,RO Water Purifier,,,1,1,0,1,13.45,13.45,0,0.0,,,2026-06-11 16:35:50.190475,1.0,Verified:1
6d139e37-b2c9-41ce-ab61-761b58c50881,Fan,,,1,1,0,1,7.73,7.73,0,0.0,,,2026-06-30 00:46:26.535486,1.0,Verified:1
6964752d-3abb-4921-9c1b-d1b668a1ce85,Air Conditioner,,,1,1,0,1,,,0,0.0,,,,1.0,High:1
6bb4484a-8055-40b3-8309-ba92c7a3fb62,Washing Machine,,,1,1,0,1,19.58,19.58,0,0.0,,,2026-04-27 09:03:26.184497,1.0,Verified:1
6b304c3f-616d-4dd8-ba7b-5c50efebba7d,Water Heater,,,1,1,0,1,24.02,24.02,0,0.0,,,2026-05-24 18:27:17.188630,1.0,Verified:1
5a8e3cf4-9abe-4240-8ecd-307405ee17c3,RO Water Purifier,2025-04-06,486.0,1,1,0,1,50.56,50.56,0,0.0,,,2026-07-14 05:34:28.311012,1.0,Verified:1
63583664-7699-4bd5-892d-2123c5cc534b,Washing Machine,,,1,1,0,1,,,0,0.0,,,,1.0,High:1
64446452-f9e9-42d6-98d4-dc9aab5f2985,Air Conditioner,,,1,1,0,1,,,0,0.0,,,,1.0,High:1
65682bd2-39f7-48df-9dcf-132d8853120d,Mattress,,,1,1,0,1,19.7,19.7,0,0.0,,,2026-06-21 15:00:02.370817,1.0,Verified:1
674fc797-2fa0-4292-9fcb-4205d7c5353b,RO Water Purifier,2024-03-30,858.0,1,1,0,1,64.0,64.0,0,0.0,,,2026-06-19 14:46:14.876949,1.0,Verified:1
563f1f66-9d2f-4054-b25b-775b06211ce1,Fan,,,1,1,0,1,,,0,0.0,,,,1.0,High:1
5afb5cb0-85ac-4667-a503-73f76261a726,Fan,,,1,1,0,1,3.92,3.92,0,0.0,,,2026-06-09 06:42:31.229892,1.0,Verified:1
5da6f131-fa1e-4f4a-bd3e-736bee9f59d2,Air Conditioner,,,1,1,0,1,735.16,735.16,0,0.0,,,2026-05-13 13:35:48.105079,1.0,Verified:1
5f808eec-7ba7-4136-ba85-0e2aee0f52bd,Bedside Table,,,1,1,0,1,42.32,42.32,0,0.0,,,2026-06-30 14:20:30.864440,1.0,Verified:1
46ac4f2a-c5db-480e-a586-d69d14dcca89,Cupboard,,,1,1,0,1,,,0,0.0,,,2026-07-24 15:38:04.212382,1.0,Verified:1
482ebc6b-9875-4f32-b96c-ea193c4fe7ad,Cupboard,,,1,1,0,1,48.32,48.32,0,0.0,,,2026-07-22 11:35:56.139426,1.0,Verified:1
4a3f3e80-1c5b-469a-ae3c-e467b3f2bc85,Washing Machine,,,1,1,0,1,34.55,34.55,0,0.0,,,2026-05-18 01:50:28.437927,1.0,Verified:1
44ee6905-97d0-4e14-843d-55300d23be1d,Washing Machine,,,1,1,0,1,22.79,22.79,0,0.0,,,2026-06-01 05:31:54.959731,1.0,Verified:1
4d04ac5b-ace9-424c-b2cf-97c3843d8d10,Bedside Table,,,1,1,0,1,373.01,373.01,0,0.0,,,2026-06-25 18:47:00.854402,1.0,Verified:1
4e5f5e33-7af3-47f5-8e05-d3ea5795882e,Air Conditioner,,,1,1,0,1,20.17,20.17,0,0.0,,,2026-07-27 13:05:41.525673,1.0,Verified:1
4f48d094-6bbb-4944-a409-69e8d7e7fb23,Cupboard,,,1,1,0,1,18.94,18.94,0,0.0,,,2026-06-29 13:38:08.686724,1.0,Verified:1
50fccbdd-9c3e-407c-ace9-47dd457a3b4d,Air Conditioner,,,1,1,0,1,,,0,0.0,,,,1.0,High:1
5255813b-afa8-4222-9151-d1b9ecbf3f06,Fan,,,1,1,0,1,,,0,0.0,,,,1.0,High:1
544b7073-6afc-400a-bb6d-561234a7664d,Cot (Bed Frame),,,1,1,0,1,26.79,26.79,0,0.0,,,2026-06-01 03:08:50.657810,1.0,Verified:1
555e98eb-4fe6-4459-8cc7-46924f281dfb,Cot (Bed Frame),,,1,1,0,1,59.98,59.98,0,0.0,,,2026-04-07 00:18:50.384460,1.0,Verified:1
561ea125-de43-46ef-b0b5-c9748b1e06ad,Air Conditioner,,,1,1,0,1,12.62,12.62,0,0.0,,,2026-05-18 23:43:45.981343,1.0,Verified:1
3622b8e4-8e8f-4264-a33e-ea56373f527d,Refrigerator,,,1,1,0,1,3.67,3.67,0,0.0,,,2026-07-22 07:25:11.451425,1.0,Verified:1
37597e49-c4ae-4637-83cb-f43ea7ef8d35,Fan,,,1,1,0,1,,,0,0.0,,,,1.0,High:1
3babeb92-9e7c-4877-8eea-8b0a471e1e37,Bedside Table,,,1,1,0,1,260.73,260.73,0,0.0,,,2026-05-23 07:48:00.540218,1.0,Verified:1
3cbd4e3f-c83a-4694-901c-adab177847a6,Fan,,,1,1,0,1,,,0,0.0,,,2026-07-25 18:14:45.506524,1.0,Verified:1
376d7336-cbff-4759-ac43-c1781e99e148,Air Conditioner,,,1,1,0,1,,,0,0.0,,,,1.0,High:1
3a808621-2515-4b75-9e29-7b16e340da4f,Refrigerator,,,1,1,0,1,355.07,355.07,0,0.0,,,2026-05-10 09:57:51.911058,1.0,Verified:1
436099db-3a2e-4b9c-984c-ccb958ef972e,Air Conditioner,,,1,1,0,1,21.25,21.25,0,0.0,,,2026-06-05 07:21:21.260764,1.0,Verified:1
4464c94c-a1a3-4658-ae52-805edad1df56,Bedside Table,,,1,1,0,1,60.89,60.89,0,0.0,,,2026-04-04 15:48:58.786217,1.0,Verified:1
3dbc7592-a86c-46d0-b08c-dadf816e376c,Bedside Table,,,1,1,0,1,48.2,48.2,0,0.0,,,2026-06-14 09:22:33.985844,1.0,Verified:1
42a93c58-fb3e-4aaf-a63d-91102387a922,Water Heater,,,1,1,0,1,7.49,7.49,0,0.0,,,2026-06-27 00:03:21.827302,1.0,Verified:1
02f56e51-61b4-4122-8c93-d20ad256322d,Washing Machine,,,1,1,0,1,2.89,2.89,0,0.0,,,2026-07-02 04:21:03.893457,1.0,Verified:1
03a83019-dd0e-4ab1-8e20-d1ad13a04ea8,Water Heater,,,1,1,0,1,54.17,54.17,0,0.0,,,2026-06-30 02:37:43.985334,1.0,Verified:1
01358eaa-06be-455c-b086-9d9ced1d02c9,Air Conditioner,,,1,1,0,1,,,0,0.0,,,,1.0,High:1
08e5cc48-188f-4df9-a3a8-b64c053b1241,Fan,,,1,1,0,1,31.75,31.75,0,0.0,,,2026-04-23 06:11:13.333637,1.0,High:1
0c6a45fa-eea8-4b3e-925c-9e22848928f0,RO Water Purifier,2026-03-23,135.0,1,1,0,1,89.65,89.65,0,0.0,,,2026-07-18 11:53:16.035265,1.0,Verified:1
8e4a1a7b-c87d-40fc-b80c-181f621c7e4a,Fan,,,1,1,0,1,,,0,0.0,,,,1.0,High:1
9a3018d6-bbfc-4e5c-ac01-173ec34fc8b3,Water Heater,,,1,1,0,1,333.48,333.48,0,0.0,,,2026-06-27 10:24:11.499104,1.0,Verified:1
9a0db726-841c-4e57-aee3-e6a3ce285e7f,Bedside Table,,,1,1,0,1,40.87,40.87,0,0.0,,,2026-07-09 13:40:53.581166,1.0,Verified:1
980ff08f-01bb-4ec8-846e-87474b79285d,Study Table,,,1,1,0,1,1.05,1.05,0,0.0,,,2026-04-18 11:27:01.837658,1.0,Verified:1
9967095e-fa20-4c7b-8c3f-6bc419b14c46,Cot (Bed Frame),,,1,1,0,1,167.94,167.94,0,0.0,,,2026-04-09 12:45:54.027844,1.0,Verified:1
97ff054f-ebe0-4cfe-8f03-dba72342180a,Water Heater,,,1,1,0,1,49.63,49.63,0,0.0,,,2026-05-26 03:14:48.399706,1.0,Verified:1
8ba23bd2-c79d-47f8-bd9a-fce14d69fd65,Bedside Table,,,1,1,0,1,26.79,26.79,0,0.0,,,2026-07-23 08:23:04.734113,1.0,Verified:1
913bd3e8-1251-4191-882d-e8ea0cfe6e5b,Air Conditioner,,,1,1,0,1,50.92,50.92,0,0.0,,,2026-06-02 07:36:42.774332,1.0,Verified:1
9377cbcd-3030-473f-9941-519310a1135b,Cot (Bed Frame),,,1,1,0,1,94.29,94.29,0,0.0,,,2026-06-26 06:07:28.468034,1.0,Verified:1
8ad4378e-8b51-4c43-8690-81aba71ae42a,Fan,,,1,1,0,1,198.19,198.19,0,0.0,,,2026-07-19 05:11:42.984583,1.0,Verified:1
8ac38fac-21c5-437c-b041-d35aa66d955d,Washing Machine,,,1,1,0,1,4.27,4.27,0,0.0,,,2026-05-19 08:28:37.583067,1.0,Verified:1
7f864296-4fea-4704-9363-c0bdd3dcfc31,Fan,,,1,1,0,1,15.02,15.02,0,0.0,,,2026-05-21 19:21:39.302622,1.0,Verified:1
7c736843-8e67-42a0-ad37-46f0794f96a2,Air Conditioner,2025-07-30,371.0,1,1,0,1,7.93,7.93,0,0.0,,,2026-05-22 02:23:14.451488,1.0,Verified:1
7cb3ace3-4480-4aa0-9efe-c9b0134c8624,Cupboard,,,1,1,0,1,16.92,16.92,0,0.0,,,2026-04-07 17:18:35.493774,1.0,Verified:1
7a14979e-6e89-4006-9aa2-8705a2f07dfe,Cot (Bed Frame),,,1,1,0,1,4.33,4.33,0,0.0,,,2026-04-03 06:12:44.808072,1.0,Verified:1
7a121576-386c-40dd-8a6d-a3120902a359,Microwave Oven,,,1,1,0,1,,,0,0.0,,,2026-07-06 14:02:24.542902,1.0,Verified:1
79b14f2a-439d-42a3-973b-c0c8b17d190f,Dining Table,,,1,1,0,1,75.62,75.62,0,0.0,,,2026-04-07 02:08:01.991842,1.0,Verified:1
b582975d-5d81-492e-8f06-a1e5d3d78fd7,Fan,,,1,1,0,1,,,0,0.0,,,,1.0,High:1
b23f3ed6-3bba-4a28-85bc-ebea924f5eb6,Cot (Bed Frame),,,1,1,0,1,121.8,121.8,0,0.0,,,2026-06-04 04:10:27.313467,1.0,Verified:1
b057aedf-024a-4f78-bcdf-db0b296060de,Cupboard,,,1,1,0,1,74.23,74.23,0,0.0,,,2026-04-07 02:06:32.046192,1.0,Verified:1
affc59e1-4e50-4b39-9026-c4adbf601fdb,Fan,,,1,1,0,1,,,0,0.0,,,,1.0,High:1
aaf765c9-a0b1-48be-8c21-3ac43a462480,Fan,,,1,1,0,1,,,0,0.0,,,2026-07-25 14:23:26.266410,1.0,Verified:1
a8fae757-b9cc-4af6-994d-cba3c67bd409,Washing Machine,,,1,1,0,1,37.05,37.05,0,0.0,,,2026-06-10 16:54:17.040198,1.0,Verified:1
acad55b2-f580-47ec-9ef1-5693687695ce,Cot (Bed Frame),,,1,1,0,1,525.39,525.39,0,0.0,,,2026-06-23 17:35:47.751010,1.0,Verified:1
9c958763-2d9c-46a4-8f4e-44f491ee63ef,Bedside Table,,,1,1,0,1,3.2,3.2,0,0.0,,,2026-05-26 05:33:25.934499,1.0,Verified:1
9e532a16-590b-4004-9863-8cc0a6c4844a,Fan,,,1,1,0,1,24.07,24.07,0,0.0,,,2026-07-21 06:57:44.863522,1.0,Verified:1
9e43da1d-fd6f-4da2-bde3-6fb9eb6169f4,Induction Stove,,,1,1,0,1,127.19,127.19,0,0.0,,,2026-04-04 05:16:58.261005,1.0,Verified:1
9c517620-7cbf-45ba-b969-fa3728bf2957,RO Water Purifier,2025-01-18,564.0,1,1,0,1,1007.72,1007.72,0,0.0,,,2026-04-25 09:32:43.728422,1.0,Verified:1
9e83589c-0310-479c-9453-b3da59f7e07d,Water Heater,,,1,1,0,1,25.45,25.45,0,0.0,,,2026-06-15 03:39:37.171003,1.0,Verified:1
a231cb7f-1f73-4c71-b744-141ab46351ac,Bedside Table,,,1,1,0,1,69.53,69.53,0,0.0,,,2026-06-03 06:48:02.250721,1.0,Verified:1
a5b9df5f-a304-4e71-ae9a-3ffdf56c2ea3,Water Heater,,,1,1,0,1,45.48,45.48,0,0.0,,,2026-05-31 06:53:36.435165,1.0,Verified:1
a70eb2c3-706c-45d7-9af3-c0be7a59c764,Fan,,,1,1,0,1,,,0,0.0,,,,1.0,High:1
a84c1a18-cffc-45bf-b987-a85bdf1a6753,Air Conditioner,,,1,1,0,1,18.29,18.29,0,0.0,,,2026-07-24 16:25:52.615333,1.0,Verified:1
85bff95a-36d4-4788-bb27-cdbb588024e9,Cupboard,,,1,1,0,1,20.37,20.37,0,0.0,,,2026-05-27 08:29:14.906259,1.0,Verified:1
86cfe969-a250-4233-ae88-b25e85bfd41e,Fan,,,1,1,0,1,,,0,0.0,,,,1.0,High:1
84b2ced1-debf-4182-b973-054535294fec,Study Table,,,1,1,0,1,72.49,72.49,0,0.0,,,2026-07-19 05:17:26.881676,1.0,Verified:1
84fadbc1-0050-4330-a93c-81d5666058b8,Air Conditioner,,,1,1,0,1,,,0,0.0,,,,1.0,Verified:1
7f86b98d-2ca5-4a44-8c4b-bc89e75d7e89,Water Heater,,,1,1,0,1,70.49,70.49,0,0.0,,,2026-05-16 06:25:17.163008,1.0,Verified:1
c6d65f33-8882-4758-a18f-9660657339e8,Fan,,,1,1,0,1,,,0,0.0,,,,1.0,High:1
c3e4cf3b-765c-4e09-8c22-383bff808a3b,Fan,,,1,1,0,1,,,0,0.0,,,,1.0,High:1
c353442a-902b-4d6c-b7ed-ab113dc2bdc5,Refrigerator,,,1,1,0,1,39.85,39.85,0,0.0,,,2026-07-20 14:08:48.388803,1.0,Verified:1
c6d34ded-032e-40a5-93c1-9762e101bab5,Cupboard,,,1,1,0,1,13.46,13.46,0,0.0,,,2026-07-01 17:48:49.941432,1.0,Verified:1
c44baed9-eb09-45bc-ab4d-eaba9a19d7ff,RO Water Purifier,2024-08-02,733.0,1,1,0,1,28.08,28.08,0,0.0,,,2026-04-10 06:54:05.763438,1.0,Verified:1
c0654959-32fc-4506-821e-db502e57e389,Bedside Table,,,1,1,0,1,48.6,48.6,0,0.0,,,2026-06-20 10:03:52.268152,1.0,Verified:1
c0db2869-f692-4552-a037-2b4b57f03999,Washing Machine,,,1,1,0,1,25.89,25.89,0,0.0,,,2026-04-27 05:51:51.652673,1.0,Verified:1
bb3a7a45-bed6-408d-a8f5-6bd712253fb4,Mattress,,,1,1,0,1,1.98,1.98,0,0.0,,,2026-04-03 05:01:42.452769,1.0,Verified:1
bb6e04f9-78bd-4e10-921f-10a2f48b185f,Air Conditioner,,,1,1,0,1,,,0,0.0,,,,1.0,High:1
b7d12596-f392-485c-8766-94f3519ee625,Fan,,,1,1,0,1,,,0,0.0,,,,1.0,High:1
b5edcf4e-54dc-432a-a6bd-f1b36e2e0813,Air Conditioner,,,1,1,0,1,,,0,0.0,,,,1.0,High:1
d0b4578f-a55c-4fce-855e-f5437dce8f0c,Cupboard,,,1,1,0,1,105.46,105.46,0,0.0,,,2026-06-25 18:49:55.640077,1.0,Verified:1
d04220d8-e0a3-4377-8096-ae6756f1bef7,Water Heater,,,1,1,0,1,338.86,338.86,0,0.0,,,2026-05-20 01:45:30.734657,1.0,Verified:1
cf86ad66-889c-4dd5-af13-8a73a2485327,Induction Stove,2025-08-08,362.0,1,1,0,1,,,0,0.0,,,2026-06-30 02:55:55.641667,1.0,Verified:1
ce9964be-389f-4a84-b81c-ea22ddc62eb4,Air Conditioner,,,1,1,0,1,67.33,67.33,0,0.0,,,2026-06-10 16:53:25.711651,1.0,Verified:1
cdaaab49-8984-492d-811b-4fcb93508155,Cupboard,,,1,1,0,1,43.0,43.0,0,0.0,,,2026-04-07 17:20:30.197441,1.0,Verified:1
cd86c5f0-efa9-4bfc-9ecb-7c3230173dcd,Air Conditioner,,,1,1,0,1,66.97,66.97,0,0.0,,,2026-07-25 14:22:12.908797,1.0,Verified:1
cd778700-b2bf-4051-b6b7-2278bcb1bae2,Air Conditioner,,,1,1,0,1,114.88,114.88,0,0.0,,,2026-05-30 15:42:31.120929,1.0,Verified:1
cce831ad-398f-49b4-adf2-b594419b2f62,Microwave Oven,,,1,1,0,1,,,0,0.0,,,2026-05-22 15:48:02.277026,1.0,Verified:1
cb1b3f5f-347b-4a3b-adee-1924192848d1,Cot (Bed Frame),2025-01-01,581.0,1,1,0,1,,,0,0.0,,,,1.0,High:1
c7f7b971-19fa-46c7-849d-4c5982a86ff7,Fan,,,1,1,0,1,43.9,43.9,0,0.0,,,2026-06-14 09:24:24.232035,1.0,Verified:1
c7044986-1955-41ac-a051-7ba5f4d56833,Water Heater,,,1,1,0,1,,,0,0.0,,,2026-07-19 09:07:39.561318,1.0,Verified:1
db7f65e5-9fe6-4986-a7ac-37fbdddff609,Air Conditioner,,,1,1,0,1,,,0,0.0,,,,1.0,High:1
dc0331d7-c01e-4d7f-b191-15466d6712c9,Cot (Bed Frame),,,1,1,0,1,5.06,5.06,0,0.0,,,2026-04-03 04:54:28.470268,1.0,Verified:1
dd6bc55f-e6a1-41d7-bce7-68bd0d6c57a1,Air Conditioner,2025-07-30,371.0,1,1,0,1,22.5,22.5,0,0.0,,,2026-06-19 07:09:21.850790,1.0,Verified:1
d3259d57-da07-4fdb-b45f-18a033ec34ca,Induction Stove,,,1,1,0,1,571.2,571.2,0,0.0,,,2026-05-09 15:27:03.676715,1.0,Verified:1
d6d1e730-b764-4dfc-aeda-759b7c2ab0a9,Air Conditioner,,,1,1,0,1,1.34,1.34,0,0.0,,,2026-05-06 10:47:42.901159,1.0,High:1
e1ee1927-859c-44fb-beee-1211b3c1828a,RO Water Purifier,2025-10-27,282.0,1,1,0,1,166.14,166.14,0,0.0,,,2026-07-04 09:14:45.494121,1.0,Verified:1
e046c6d8-397c-4586-8fdf-c88e78da3ec5,Cupboard,,,1,1,0,1,6.41,6.41,0,0.0,,,2026-04-04 05:17:53.105947,1.0,Verified:1
ea9ed2e7-fd3d-460a-8927-dc4f167fa2c7,Washing Machine,,,1,1,0,1,18.25,18.25,0,0.0,,,2026-07-12 17:27:25.317935,1.0,Verified:1
e9b3ee0b-2542-4494-bbec-af30b46f14d4,Fan,,,1,1,0,1,,,0,0.0,,,,1.0,High:1
f15d0ff8-209b-4934-92c8-1900afec3fa5,Fan,,,1,1,0,1,28.79,28.79,0,0.0,,,2026-04-08 07:33:40.051897,1.0,Verified:1
f1b25cdd-e630-44ef-a054-2f57d7add09c,Air Conditioner,,,1,1,0,1,,,0,0.0,,,,1.0,High:1
f1d60ec1-4a13-41fa-8c6b-945fd688704c,Mattress,,,1,1,0,1,239.19,239.19,0,0.0,,,2026-05-12 11:25:55.075373,1.0,Verified:1
ee5277cb-c0b4-4d6c-9594-89021f5d24b3,Microwave Oven,,,1,1,0,1,,,0,0.0,,,2026-04-03 11:27:25.705429,1.0,Verified:1
f1f8b383-aa8d-4f9d-b51d-b4e8816bf9db,Fan,,,1,1,0,1,,,0,0.0,,,,1.0,High:1
f22d37ca-e9d3-456f-8aa3-70b7ab94fc0c,Air Conditioner,,,1,1,0,1,,,0,0.0,,,2026-07-28 12:01:58.910321,1.0,Verified:1
f2d29075-ee7d-4af7-afd3-3f1d7775d2e6,Cupboard,,,1,1,0,1,14.26,14.26,0,0.0,,,2026-05-18 16:56:49.415149,1.0,Verified:1
f244be1f-e77c-424a-a9b4-f13e3b9c63a3,Washing Machine,,,1,1,0,1,20.83,20.83,0,0.0,,,2026-04-17 15:40:31.378202,1.0,Verified:1
f43c6f19-35a1-4330-9869-01dc2d4d62ef,Bedside Table,,,1,1,0,1,20.34,20.34,0,0.0,,,2026-05-27 08:29:33.572957,1.0,Verified:1
f52710af-1fbb-4cf8-b113-084ced145f7d,Fan,,,1,1,0,1,,,0,0.0,,,,1.0,High:1
f866875c-8a32-49d0-b600-259b7d35c158,Cupboard,,,1,1,0,1,48.37,48.37,0,0.0,,,2026-05-17 07:04:25.128719,1.0,Verified:1
fff00394-bda1-4ac1-b428-6227e3920406,Fan,,,1,1,0,1,,,0,0.0,,,2026-07-28 18:58:30.196614,1.0,Verified:1
